,PSY_F36,PSY_F37,PSY_F38,PSY_F39,PSY_F47,PSY_F48,number,label
0,25,16,0,0,0,0,289,0
1,2,5,0,1,0,2,504,0
2,19,16,0,0,0,0,262,0
3,7,9,0,0,0,0,276,0
4,33,44,0,4,0,0,510,0
5,26,26,0,0,0,4,538,0
6,2,1,0,0,0,0,909,0
7,23,51,0,2,0,0,921,0
8,18,16,0,1,0,2,935,0
9,17,21,0,1,0,0,706,0
10,3,4,0,0,0,1,712,0
11,15,15,0,1,0,0,29,0
12,18,10,0,0,0,0,869,0
13,32,25,0,15,0,0,15,0
14,20,35,0,1,0,0,855,0
15,3,4,0,0,0,0,699,0
16,6,6,0,0,0,0,841,0
17,4,26,0,0,0,0,114,0
18,15,58,0,7,0,2,672,0
19,11,14,0,1,0,1,666,0
20,41,61,0,4,0,1,100,0
21,1,18,0,1,0,0,128,0
22,19,35,0,0,0,1,896,0
23,34,21,0,6,0,0,882,0
24,22,20,0,5,0,0,470,0
25,0,0,0,0,0,0,316,0
26,21,18,0,0,0,0,302,0
27,23,59,0,2,0,1,464,0
28,45,70,0,1,0,3,458,0
29,24,16,0,0,0,1,459,0
30,49,45,0,6,0,0,303,0
31,23,39,0,7,0,1,465,0
32,32,41,0,1,0,0,471,0
33,12,29,0,0,1,1,317,0
34,15,16,0,2,0,0,883,0
35,8,13,0,0,0,0,129,0
36,25,69,0,1,0,1,897,0
37,4,12,0,0,0,0,667,0
38,4,43,0,2,0,0,101,0
39,28,40,0,3,1,0,115,0
40,38,62,0,0,0,3,673,0
41,11,9,0,0,0,1,840,0
42,24,35,0,0,0,2,698,0
43,33,40,0,2,0,0,854,0
44,10,24,0,3,0,0,14,0
45,23,31,0,0,0,0,868,0
46,14,18,0,1,0,1,28,0
47,18,9,0,1,0,0,713,0
48,21,20,0,0,0,0,707,0
49,13,24,0,0,0,2,934,0
50,52,88,0,1,0,4,920,0
51,17,26,0,4,0,1,908,0
52,17,42,0,2,0,0,539,0
53,66,48,0,1,0,1,277,0
54,20,55,0,4,0,1,511,0
55,15,14,0,1,0,0,505,0
56,6,5,0,0,0,0,263,0
57,29,43,0,1,0,0,288,0
58,45,25,0,2,0,1,513,0
59,0,0,0,0,0,0,275,0
60,20,33,0,2,0,0,261,0
61,11,17,0,0,0,1,507,0
62,27,44,0,6,0,0,249,0
63,94,150,0,13,0,5,936,0
64,78,79,0,6,0,1,922,0
65,34,12,0,3,0,0,711,0
66,2,1,0,0,0,0,705,0
67,22,50,0,1,0,1,739,0
68,14,22,1,6,0,0,842,0
69,49,27,0,5,0,3,16,0
70,61,71,0,8,0,0,856,0
71,11,25,0,2,0,0,103,0
72,7,8,0,0,0,0,665,0
73,9,9,0,0,0,0,671,0
74,14,9,0,1,0,0,117,0
75,29,27,0,1,1,3,881,0
76,40,41,0,2,0,0,659,0
77,16,14,0,2,0,0,895,0
78,15,13,1,1,0,0,498,0
79,33,60,0,3,0,0,467,0
80,1,4,0,3,0,0,301,0
81,16,22,0,0,1,0,315,0
82,3,2,0,4,0,0,473,0
83,109,238,0,15,3,3,329,0
84,10,14,0,0,0,0,328,0
85,38,25,0,0,2,0,314,0
86,25,15,0,8,0,0,472,0
87,9,14,0,1,0,0,466,0
88,27,10,0,1,0,0,300,0
89,9,5,0,0,0,0,499,0
90,18,30,0,2,1,0,894,0
91,21,44,1,3,0,1,658,0
92,12,8,0,0,0,0,880,0
93,34,47,1,5,0,1,670,0
94,21,56,1,2,1,0,116,0
95,14,37,0,3,0,0,102,0
96,23,2,0,2,0,0,664,0
97,6,15,0,1,0,0,857,0
98,40,105,0,5,0,1,17,0
99,6,11,0,2,0,0,843,0
100,35,72,0,2,0,1,738,0
101,10,3,0,2,1,0,704,0
102,25,65,0,1,0,1,710,0
103,46,39,2,4,0,1,923,0
104,12,37,0,1,0,1,937,0
105,14,11,0,1,0,0,248,0
106,42,45,0,3,0,1,260,0
107,25,20,0,3,0,0,506,0
108,18,11,0,0,0,0,512,0
109,0,0,0,0,0,0,274,0
110,30,42,0,2,0,4,258,0
111,6,2,0,0,0,0,270,0
112,33,54,0,7,1,0,516,0
113,8,25,0,0,0,0,502,0
114,9,13,0,1,0,0,264,0
115,32,66,0,4,0,2,933,0
116,32,61,0,5,0,2,927,0
117,30,78,0,7,0,2,728,0
118,8,21,0,0,0,1,714,0
119,34,61,0,1,0,2,700,0
120,14,14,0,0,0,0,847,0
121,7,68,0,1,0,0,13,0
122,23,31,0,0,0,3,853,0
123,24,37,0,1,0,1,884,0
124,150,238,1,15,2,3,890,0
125,1,0,0,0,0,0,648,0
126,22,83,0,5,0,3,660,0
127,5,32,0,1,0,0,106,0
128,23,25,0,0,0,0,112,0
129,17,94,0,3,0,0,674,0
130,11,14,1,1,0,1,489,0
131,49,59,0,1,0,0,338,0
132,23,15,0,1,0,0,304,0
133,26,23,0,0,1,1,462,0
134,8,3,0,1,0,0,476,0
135,7,17,0,1,0,0,310,0
136,11,0,0,3,0,0,477,0
137,11,21,0,7,0,0,311,0
138,44,42,0,9,1,1,305,0
139,62,113,0,7,0,1,463,0
140,32,100,0,9,1,0,339,0
141,4,1,0,0,0,0,488,0
142,19,29,0,0,0,0,113,0
143,28,54,0,4,0,1,675,0
144,10,21,0,4,0,1,661,0
145,20,51,0,2,1,0,107,0
146,1,0,0,0,0,0,649,0
147,14,46,0,4,1,1,891,0
148,103,261,2,11,0,4,885,0
149,12,19,0,0,0,0,852,0
150,15,115,0,7,0,1,12,0
151,8,34,0,0,0,0,846,0
152,8,20,0,3,0,0,701,0
153,8,3,0,0,0,0,715,0
154,22,36,1,4,0,0,729,0
155,3,6,0,0,1,0,926,0
156,38,39,1,5,0,4,932,0
157,7,8,0,1,0,0,503,0
158,43,81,0,9,0,0,265,0
159,5,27,0,2,0,0,271,0
160,42,39,0,1,0,2,517,0
161,0,0,0,0,0,0,259,0
162,10,14,0,3,0,1,298,0
163,31,51,0,3,1,2,529,0
164,10,11,0,0,0,3,267,0
165,23,14,0,0,0,1,501,0
166,13,25,0,0,0,0,515,0
167,0,0,0,0,0,0,273,0
168,5,2,0,2,0,0,924,0
169,6,9,0,1,0,0,930,0
170,49,52,0,1,0,2,918,0
171,7,13,0,5,0,0,703,0
172,21,12,0,0,1,0,717,0
173,39,56,0,4,1,1,688,0
174,13,53,0,2,0,0,10,0
175,2,1,0,0,0,0,850,0
176,84,138,1,9,0,7,844,0
177,31,47,1,2,1,1,38,0
178,106,174,0,11,0,3,878,0
179,24,22,0,1,0,1,893,0
180,36,54,1,0,0,0,139,0
181,41,22,0,2,0,1,887,0
182,35,43,0,2,0,0,677,0
183,22,21,0,2,1,0,111,0
184,42,113,0,1,0,1,105,0
185,24,31,0,0,0,0,663,0
186,28,74,0,8,0,0,449,0
187,33,39,0,2,1,0,313,0
188,9,1,0,2,1,0,475,0
189,20,24,0,4,2,0,461,0
190,34,45,0,2,0,1,307,0
191,85,96,0,9,0,1,460,0
192,20,11,0,1,0,0,306,0
193,3,4,0,0,0,0,312,0
194,48,68,0,3,1,2,474,0
195,68,46,0,10,0,2,448,0
196,29,52,0,1,0,1,104,0
197,37,61,1,1,0,0,662,0
198,8,11,0,0,0,3,676,0
199,14,16,0,0,0,0,110,0
200,21,30,0,1,0,2,138,0
201,20,24,0,3,0,0,886,0
202,109,117,0,7,0,1,892,0
203,23,16,0,2,1,2,879,0
204,40,77,0,1,0,2,39,0
205,87,158,0,20,1,3,845,0
206,78,184,1,7,1,1,851,0
207,31,34,0,1,2,1,11,0
208,20,81,0,6,0,1,689,0
209,21,28,0,0,1,0,716,0
210,16,18,0,0,0,0,702,0
211,53,77,0,6,1,1,919,0
212,6,19,0,1,0,0,931,0
213,11,73,0,6,0,0,925,0
214,61,65,0,10,0,4,514,0
215,1,0,0,0,0,0,272,0
216,62,105,0,5,0,1,266,0
217,4,2,0,2,0,0,500,0
218,4,11,0,0,0,0,528,0
219,39,42,0,1,0,4,299,0
220,27,53,0,3,1,0,598,0
221,11,14,0,0,0,0,201,0
222,13,5,0,1,1,0,567,0
223,12,7,0,2,0,0,573,0
224,0,6,0,3,0,0,215,0
225,28,20,0,0,0,0,229,0
226,28,52,0,7,1,0,942,0
227,31,77,0,1,0,1,956,0
228,12,26,0,2,0,0,765,0
229,12,29,0,1,0,1,771,0
230,21,10,0,1,0,1,759,0
231,31,39,0,0,0,2,981,0
232,6,10,0,3,0,0,995,0
233,20,13,0,0,0,0,76,0
234,44,66,0,4,1,1,836,0
235,8,11,0,1,0,1,188,0
236,18,18,0,2,2,2,62,0
237,26,44,0,0,0,1,822,0
238,24,32,0,0,0,0,89,0
239,21,23,0,1,0,0,611,0
240,11,37,0,4,0,2,177,0
241,32,62,0,5,1,0,163,0
242,48,35,0,3,0,2,605,0
243,5,1,0,0,0,0,639,0
244,49,57,0,3,0,2,375,0
245,16,26,0,1,0,1,413,0
246,15,78,0,4,0,2,407,0
247,84,88,1,8,0,0,361,0
248,92,241,0,23,6,4,349,0
249,16,20,0,0,0,0,348,0
250,27,61,0,4,0,0,406,0
251,50,151,0,9,2,1,360,0
252,35,24,0,2,0,0,374,0
253,41,33,0,4,1,1,412,0
254,15,16,0,0,0,0,638,0
255,25,77,0,5,1,0,162,0
256,56,89,0,4,0,5,604,0
257,12,13,0,2,0,0,610,0
258,15,53,0,2,0,2,88,0
259,19,45,0,1,0,2,176,0
260,36,55,0,1,0,0,823,0
261,49,55,0,3,0,1,63,0
262,4,2,0,0,0,0,837,0
263,41,46,0,2,0,1,77,0
264,31,30,0,4,2,0,189,0
265,16,50,0,4,0,1,994,0
266,28,33,0,1,0,3,980,0
267,13,19,0,2,1,0,758,0
268,20,17,0,0,1,0,770,0
269,31,33,0,4,0,0,764,0
270,20,29,0,0,0,0,957,0
271,62,112,0,9,0,2,943,0
272,75,97,0,3,0,3,228,0
273,28,74,0,3,0,5,572,0
274,3,11,0,2,0,0,214,0
275,2,0,0,0,0,0,200,0
276,20,24,0,3,0,0,566,0
277,24,28,0,2,0,0,599,0
278,13,11,0,0,0,0,216,0
279,33,88,0,6,1,3,570,0
280,43,63,0,5,0,1,564,0
281,13,12,0,1,0,1,202,0
282,26,26,0,4,0,1,558,0
283,10,29,0,1,0,0,969,0
284,3,1,0,1,0,0,955,0
285,48,81,0,1,0,2,941,0
286,56,40,0,5,0,0,799,0
287,19,20,0,0,0,0,772,0
288,20,25,0,2,0,2,766,0
289,6,1,0,1,0,0,996,0
290,28,63,0,1,0,1,982,0
291,17,14,0,0,0,0,49,0
292,28,44,0,6,0,1,809,0
293,15,43,2,1,0,0,61,0
294,38,36,0,5,0,0,821,0
295,12,8,0,0,0,2,75,0
296,14,19,0,0,0,0,835,0
297,22,44,0,0,0,2,606,0
298,26,51,0,1,0,1,160,0
299,23,22,0,4,0,1,174,0
300,45,82,0,2,0,3,612,0
301,41,27,0,4,0,2,148,0
302,14,10,0,0,0,1,389,0
303,68,76,0,4,5,2,362,0
304,21,90,0,5,0,2,404,0
305,20,17,0,1,0,2,410,0
306,75,49,0,7,1,1,376,0
307,23,34,0,3,0,0,438,0
308,8,0,0,0,0,0,439,0
309,7,20,0,2,0,0,411,0
310,35,54,0,10,0,0,377,0
311,8,3,0,1,0,0,363,0
312,16,51,1,3,0,0,405,0
313,83,176,1,11,0,2,388,0
314,30,57,0,2,0,2,149,0
315,20,58,0,2,0,0,175,0
316,22,36,0,3,1,1,613,0
317,19,16,0,2,0,0,607,0
318,29,89,0,2,0,2,161,0
319,4,3,0,0,0,0,834,0
320,46,53,0,2,0,1,74,0
321,37,64,0,2,0,0,820,0
322,2,5,0,1,0,0,60,0
323,16,11,0,1,0,2,808,0
324,14,31,0,2,0,1,48,0
325,123,160,0,11,0,8,983,0
326,41,41,0,1,0,0,997,0
327,18,10,0,2,0,1,767,0
328,14,41,0,1,0,2,773,0
329,52,36,0,3,0,0,798,0
330,30,41,0,0,0,1,940,0
331,6,9,0,0,0,0,954,0
332,22,42,0,0,0,1,968,0
333,17,30,0,3,0,0,559,0
334,48,86,2,7,1,6,565,0
335,11,13,0,1,0,0,203,0
336,31,24,0,3,2,0,217,0
337,18,19,0,1,0,0,571,0
338,17,74,0,4,0,0,549,0
339,28,55,0,2,1,1,575,0
340,2,9,0,0,0,0,213,0
341,3,24,0,0,0,2,207,0
342,8,5,0,1,0,0,561,0
343,4,13,0,0,0,0,950,0
344,32,59,0,6,0,1,788,0
345,38,43,0,6,0,1,944,0
346,37,17,0,1,0,2,978,0
347,453,538,3,53,9,7,993,0
348,40,47,0,0,0,2,987,0
349,4,2,0,0,0,0,777,0
350,6,18,0,3,1,2,763,0
351,35,51,0,3,0,2,64,0
352,71,67,1,8,2,3,824,0
353,18,19,0,0,0,0,70,0
354,4,15,0,2,0,0,830,0
355,11,42,0,3,0,0,58,0
356,33,58,0,2,1,0,818,0
357,64,78,0,2,0,5,159,0
358,46,113,0,10,0,2,165,0
359,83,261,2,9,3,2,603,0
360,14,16,0,2,0,0,617,0
361,5,18,0,0,0,0,171,0
362,22,9,0,1,0,2,398,0
363,13,39,0,5,0,2,429,0
364,88,123,0,15,0,4,401,0
365,21,45,0,1,0,1,367,0
366,18,33,0,4,0,1,373,0
367,11,13,0,5,0,0,415,0
368,70,73,0,0,1,0,372,0
369,7,4,0,2,0,1,414,0
370,32,30,0,6,0,1,400,0
371,71,157,2,6,0,3,366,0
372,5,2,0,0,0,0,428,0
373,14,43,0,2,0,1,399,0
374,38,49,0,4,0,1,616,0
375,29,67,0,4,0,0,170,0
376,4,2,0,0,0,0,164,0
377,23,43,1,1,0,0,602,0
378,13,4,0,0,0,0,158,0
379,11,13,0,6,0,0,819,0
380,9,55,0,3,0,0,59,0
381,41,49,0,12,1,0,831,0
382,25,58,0,6,0,0,71,0
383,15,10,0,0,0,1,825,0
384,23,86,0,4,0,0,65,0
385,3,34,0,1,0,0,762,0
386,26,96,0,3,0,1,776,0
387,33,64,0,2,0,1,986,0
388,46,116,0,8,1,4,992,0
389,56,82,2,1,1,2,979,0
390,26,91,0,5,0,1,945,0
391,17,25,0,4,0,1,789,0
392,34,81,0,12,0,1,951,0
393,11,13,0,5,0,0,206,0
394,106,160,1,9,0,2,560,0
395,50,115,0,9,0,2,574,0
396,5,3,0,0,0,0,212,0
397,37,46,1,1,0,0,548,0
398,24,24,0,0,0,0,589,0
399,33,26,1,1,0,0,238,0
400,4,2,0,0,0,0,562,0
401,7,3,0,0,0,0,204,0
402,44,131,0,3,1,3,210,0
403,6,11,0,0,0,1,576,0
404,36,69,1,4,0,1,947,0
405,14,40,1,1,0,1,953,0
406,63,79,0,4,0,0,984,0
407,34,64,0,7,1,1,748,0
408,69,127,0,3,0,2,990,0
409,8,21,0,2,0,0,760,0
410,48,107,3,8,1,3,774,0
411,71,77,0,0,0,2,73,0
412,0,0,0,0,0,0,833,0
413,30,57,0,1,0,0,67,0
414,11,9,0,0,0,1,827,0
415,27,27,0,0,0,0,199,0
416,144,152,3,14,1,2,9,0
417,32,23,0,7,0,2,628,0
418,109,157,1,6,0,2,172,0
419,38,147,0,10,1,1,614,0
420,35,50,0,3,0,0,600,0
421,9,22,0,0,0,0,98,0
422,13,14,0,1,0,0,166,0
423,26,46,0,4,0,3,358,0
424,4,15,0,2,0,2,416,0
425,212,335,1,34,4,11,370,0
426,31,72,0,2,0,2,364,0
427,23,24,0,2,1,0,402,0
428,31,23,0,1,0,1,365,0
429,68,158,0,6,0,3,403,0
430,21,48,0,0,0,0,417,0
431,12,13,0,2,0,1,371,0
432,14,48,0,2,0,0,359,0
433,5,6,0,1,0,0,99,0
434,79,122,1,6,1,3,601,0
435,21,78,0,3,0,1,167,0
436,13,14,0,3,0,0,173,0
437,25,29,0,1,0,0,615,0
438,11,16,0,0,0,0,629,0
439,67,119,3,15,0,1,8,0
440,37,95,0,13,0,1,826,0
441,35,71,0,0,0,1,66,0
442,13,27,0,4,0,0,198,0
443,22,31,0,2,0,2,832,0
444,19,27,0,3,0,1,72,0
445,23,50,0,2,0,0,775,0
446,10,21,0,3,0,2,761,0
447,59,97,0,6,0,2,991,0
448,36,52,0,6,2,0,749,0
449,14,13,0,2,0,1,985,0
450,21,11,0,2,0,0,952,0
451,76,145,2,4,0,2,946,0
452,3,3,0,1,0,0,211,0
453,170,225,2,16,1,8,577,0
454,26,32,0,0,0,3,563,0
455,8,21,0,2,0,1,205,0
456,76,167,0,1,2,2,239,0
457,33,24,0,0,0,1,588,0
458,31,42,0,4,0,1,585,0
459,18,26,0,1,0,0,591,0
460,6,11,0,3,0,0,220,0
461,34,49,0,7,3,0,546,0
462,16,77,0,1,0,0,552,0
463,33,23,1,1,1,0,234,0
464,10,20,0,1,4,0,208,0
465,18,26,0,1,0,0,787,0
466,8,10,0,2,0,0,793,0
467,20,31,0,0,0,2,963,0
468,38,59,0,0,0,1,977,0
469,18,39,0,5,0,1,744,0
470,28,18,0,0,0,0,750,0
471,29,34,0,5,0,1,988,0
472,42,110,0,3,0,1,778,0
473,70,98,1,5,0,2,195,0
474,7,8,0,0,0,1,181,0
475,6,15,0,2,0,1,57,0
476,18,22,0,7,0,1,817,0
477,19,32,0,3,0,0,5,0
478,34,40,2,4,0,2,43,0
479,29,20,0,2,0,2,803,0
480,6,18,0,1,0,1,630,0
481,35,82,0,2,0,1,156,0
482,42,91,0,3,0,7,142,0
483,14,16,1,0,1,1,624,0
484,22,80,0,10,0,3,94,0
485,43,84,0,4,3,2,80,0
486,31,42,2,4,0,1,618,0
487,42,53,1,5,1,0,397,0
488,16,35,0,0,0,0,383,0
489,43,81,0,3,3,2,354,0
490,1,6,0,0,0,0,432,0
491,6,10,0,0,0,1,426,0
492,67,111,0,14,2,2,340,0
493,57,118,0,5,1,1,368,0
494,35,112,2,2,0,2,369,0
495,2,0,0,0,0,0,427,0
496,31,26,0,0,0,1,341,0
497,18,18,0,0,0,1,355,0
498,0,2,0,0,0,0,433,0
499,5,1,0,0,0,0,382,0
500,55,103,1,11,0,0,396,0
501,31,42,0,4,0,0,619,0
502,27,45,0,3,0,1,81,0
503,25,47,0,0,0,1,95,0
504,24,32,0,0,0,1,143,0
505,53,68,0,6,0,1,625,0
506,60,79,2,4,3,0,631,0
507,36,72,0,4,0,0,157,0
508,35,83,0,4,0,1,802,0
509,55,31,0,2,0,0,42,0
510,31,62,0,4,0,1,816,0
511,29,32,0,2,0,0,56,0
512,20,72,1,6,0,2,4,0
513,5,9,0,1,0,0,180,0
514,17,23,0,1,0,1,194,0
515,14,24,0,1,0,0,779,0
516,40,80,0,4,1,1,989,0
517,16,25,0,1,0,2,751,0
518,63,190,0,15,2,2,745,0
519,69,81,0,9,0,6,976,0
520,19,34,0,0,0,1,962,0
521,7,2,0,0,0,0,792,0
522,23,36,0,3,0,2,786,0
523,9,16,0,0,0,0,209,0
524,12,29,0,1,1,0,553,0
525,6,12,0,0,0,0,235,0
526,30,45,0,2,1,1,221,0
527,29,46,0,3,0,1,547,0
528,37,44,0,1,0,2,590,0
529,84,59,0,3,0,1,584,0
530,52,85,0,4,1,2,592,0
531,14,18,0,3,0,0,586,0
532,57,67,0,0,0,3,237,0
533,17,12,0,7,0,0,551,0
534,55,121,3,4,0,5,545,0
535,39,33,0,1,0,0,223,0
536,3,1,0,0,0,0,579,0
537,66,236,0,17,0,1,948,0
538,13,7,0,2,1,1,790,0
539,13,6,0,0,0,2,784,0
540,65,115,0,1,0,0,974,0
541,14,36,0,2,0,4,960,0
542,13,5,0,5,0,1,753,0
543,2,3,0,2,0,0,747,0
544,34,96,0,3,0,0,182,0
545,4,8,0,0,0,0,196,0
546,45,74,0,4,0,1,68,0
547,26,18,0,2,0,2,828,0
548,53,70,0,5,0,1,40,0
549,84,233,1,15,0,7,800,0
550,41,87,0,5,0,1,6,0
551,27,22,0,9,0,2,54,0
552,25,34,0,1,0,5,814,0
553,73,145,0,12,0,0,627,0
554,22,5,0,2,0,2,141,0
555,21,33,0,0,0,1,155,0
556,2,0,0,0,0,0,633,0
557,54,66,1,4,0,0,83,0
558,28,36,0,1,0,0,169,0
559,4,3,0,1,0,1,97,0
560,45,63,0,7,1,5,380,0
561,17,33,1,1,0,1,394,0
562,27,72,0,1,0,0,343,0
563,34,23,0,0,0,0,425,0
564,12,22,0,0,0,1,431,0
565,18,55,0,6,1,0,357,0
566,13,32,0,1,0,1,419,0
567,41,60,0,0,1,1,418,0
568,9,13,0,2,0,0,430,0
569,184,352,0,20,4,15,356,0
570,3,4,0,1,0,0,342,0
571,20,40,0,4,0,0,424,0
572,29,48,2,5,0,0,395,0
573,5,3,0,0,0,0,381,0
574,15,25,0,0,0,0,168,0
575,18,51,0,1,0,0,96,0
576,12,14,0,0,0,1,82,0
577,42,37,0,2,0,0,154,0
578,53,119,0,10,0,0,632,0
579,45,43,0,7,2,0,626,0
580,41,50,1,3,0,2,140,0
581,11,15,0,1,0,0,7,0
582,12,43,0,0,0,0,815,0
583,11,16,0,1,0,0,55,0
584,13,9,0,0,0,1,801,0
585,18,35,0,3,0,0,41,0
586,16,39,0,1,0,2,197,0
587,26,67,0,9,0,1,829,0
588,31,50,0,0,0,1,69,0
589,6,24,0,0,0,2,183,0
590,115,174,0,22,1,0,746,0
591,35,45,0,2,0,0,752,0
592,21,12,0,0,0,2,961,0
593,42,67,0,3,0,3,975,0
594,78,106,1,15,0,2,785,0
595,11,4,0,0,0,0,791,0
596,25,23,0,1,0,5,949,0
597,5,5,0,1,0,0,578,0
598,19,28,0,2,0,0,544,0
599,28,44,0,6,1,0,222,0
600,40,34,1,2,0,0,236,0
601,25,42,0,3,0,1,550,0
602,33,46,0,3,0,0,587,0
603,40,46,0,4,0,0,593,0
604,12,12,0,0,0,1,597,0
605,26,33,1,2,1,1,583,0
606,22,41,0,1,0,1,568,0
607,27,34,2,2,0,1,554,0
608,97,136,0,8,0,5,232,0
609,84,120,1,4,4,2,226,0
610,29,52,0,4,0,1,540,0
611,14,14,0,0,0,0,971,0
612,16,25,0,5,0,1,965,0
613,10,54,0,6,0,0,795,0
614,14,23,0,2,0,1,959,0
615,1,3,0,0,0,0,781,0
616,28,72,0,2,0,0,756,0
617,20,80,0,2,0,2,742,0
618,40,88,0,3,2,4,45,0
619,47,45,0,8,0,2,805,0
620,16,50,0,4,0,0,51,0
621,32,60,0,2,0,0,811,0
622,19,40,0,2,0,3,3,0
623,8,12,0,0,0,0,187,0
624,20,71,2,0,0,0,79,0
625,56,70,0,11,0,1,839,0
626,23,22,0,2,0,0,193,0
627,18,18,0,0,0,0,178,0
628,21,16,0,0,0,0,86,0
629,12,15,0,2,0,0,92,0
630,36,82,0,7,0,0,144,0
631,48,94,0,7,0,1,622,0
632,9,42,0,3,0,0,636,0
633,26,53,0,0,0,1,150,0
634,17,24,0,2,0,0,385,0
635,58,97,2,2,0,3,391,0
636,6,13,0,0,0,1,408,0
637,10,14,0,0,0,1,420,0
638,91,104,2,7,1,2,346,0
639,71,160,2,5,0,0,352,0
640,6,2,0,0,0,1,434,0
641,59,96,0,12,3,3,353,0
642,20,15,0,0,1,0,435,0
643,13,19,1,2,0,0,421,0
644,26,18,1,0,0,0,347,0
645,0,0,0,0,0,0,409,0
646,13,31,0,0,1,0,390,0
647,18,14,0,0,0,0,384,0
648,8,8,0,0,0,0,637,0
649,31,37,0,4,0,2,151,0
650,35,49,0,4,0,2,145,0
651,27,40,0,1,1,0,623,0
652,21,69,1,7,0,0,93,0
653,8,34,0,1,0,0,179,0
654,12,26,0,1,1,0,87,0
655,7,13,0,1,0,0,192,0
656,17,36,0,4,0,1,186,0
657,38,28,2,11,0,1,838,0
658,29,78,0,6,0,0,78,0
659,37,83,1,5,0,0,810,0
660,28,30,0,6,2,0,50,0
661,18,24,0,0,0,1,2,0
662,25,40,0,6,0,0,804,0
663,31,29,0,0,1,0,44,0
664,21,49,0,5,0,1,743,0
665,12,4,0,0,0,2,757,0
666,24,15,0,0,1,0,780,0
667,0,0,0,0,0,0,958,0
668,7,26,0,0,0,0,794,0
669,29,33,0,2,0,0,964,0
670,5,6,0,1,0,4,970,0
671,74,56,0,1,0,3,227,0
672,74,211,2,8,0,2,541,0
673,18,4,0,4,0,0,555,0
674,42,49,0,2,0,0,233,0
675,3,13,0,3,0,0,569,0
676,25,55,0,0,0,1,582,0
677,63,89,0,6,3,1,596,0
678,0,2,0,0,0,0,580,0
679,47,93,0,4,0,0,594,0
680,4,2,0,1,0,0,1000,0
681,16,4,0,0,0,0,219,0
682,13,35,0,2,0,0,543,0
683,184,250,8,22,1,2,225,0
684,87,90,1,2,0,3,231,0
685,33,74,0,1,0,2,557,0
686,23,54,0,1,0,0,966,0
687,39,35,0,5,0,0,972,0
688,36,85,2,6,0,0,782,0
689,20,55,0,1,0,0,796,0
690,33,57,0,2,0,1,769,0
691,21,48,0,3,0,1,741,0
692,69,150,3,12,1,1,999,0
693,12,28,0,3,0,0,755,0
694,30,25,0,4,0,1,52,0
695,11,22,0,2,0,0,812,0
696,21,13,0,0,0,0,46,0
697,48,39,0,5,0,0,806,0
698,5,11,0,2,0,1,190,0
699,2,6,0,0,0,0,184,0
700,39,83,2,12,1,5,609,0
701,6,28,0,0,0,0,91,0
702,49,89,0,2,1,0,85,0
703,11,32,0,1,0,2,153,0
704,17,38,0,0,1,2,635,0
705,11,24,0,5,0,1,621,0
706,12,17,0,0,0,0,147,0
707,82,240,1,19,1,3,392,0
708,31,59,0,5,0,6,386,0
709,51,55,0,8,1,1,379,0
710,48,15,0,8,0,0,437,0
711,5,13,0,3,0,0,351,0
712,22,32,0,2,1,0,345,0
713,4,14,0,0,0,0,423,0
714,13,32,0,6,0,0,344,0
715,34,24,0,1,0,0,422,0
716,13,37,1,1,0,0,436,0
717,22,57,0,2,0,0,350,0
718,60,33,1,3,0,1,378,0
719,0,0,0,0,0,0,387,0
720,23,56,0,1,0,0,393,0
721,7,0,0,1,0,0,620,0
722,30,62,0,2,0,1,146,0
723,94,178,1,18,1,2,152,0
724,6,4,0,0,0,0,634,0
725,22,13,0,4,0,0,84,0
726,14,41,0,3,0,2,90,0
727,16,23,0,1,0,1,608,0
728,21,48,5,4,0,0,185,0
729,13,11,0,0,0,0,191,0
730,20,55,0,5,0,2,807,0
731,26,13,0,0,1,1,47,0
732,26,46,1,1,0,0,1,0
733,47,42,0,6,0,0,813,0
734,22,5,0,2,0,0,53,0
735,45,53,1,5,0,1,754,0
736,17,13,0,2,0,1,998,0
737,46,82,0,8,0,1,740,0
738,6,6,0,0,0,2,768,0
739,17,18,0,0,0,1,797,0
740,30,84,0,6,0,1,783,0
741,27,18,0,4,1,0,973,0
742,21,47,0,7,0,1,967,0
743,103,103,0,5,0,2,230,0
744,37,16,0,10,0,1,556,0
745,34,107,0,2,0,4,542,0
746,39,61,0,2,3,0,224,0
747,28,25,0,0,0,1,218,0
748,23,48,0,6,0,0,595,0
749,4,1,0,2,0,0,581,0
750,16,11,0,2,0,2,280,0
751,6,9,1,1,0,0,294,0
752,22,60,0,3,0,0,525,0
753,16,16,0,0,0,1,243,0
754,20,18,0,1,0,0,257,0
755,3,16,0,5,0,0,531,0
756,15,27,0,1,1,0,519,0
757,4,1,0,1,0,0,928,0
758,12,44,1,4,1,0,900,0
759,22,53,0,6,2,1,914,0
760,7,30,0,2,0,1,727,0
761,18,25,0,0,0,4,733,0
762,14,23,0,2,0,0,690,0
763,23,49,0,5,0,0,848,0
764,27,59,0,3,0,1,684,0
765,27,39,0,2,0,1,34,0
766,10,17,0,0,0,0,874,0
767,22,130,0,8,0,0,20,0
768,17,24,0,0,0,1,860,0
769,23,58,0,2,0,1,135,0
770,31,72,0,3,0,0,653,0
771,4,9,0,1,0,3,647,0
772,9,37,0,2,0,0,121,0
773,38,48,0,5,0,0,109,0
774,22,23,0,2,0,0,492,0
775,74,33,0,4,0,4,486,0
776,16,3,0,1,0,0,451,0
777,30,29,0,0,0,1,337,0
778,61,152,1,10,1,0,323,0
779,8,23,0,0,1,0,445,0
780,33,39,0,1,0,1,479,0
781,95,29,0,4,0,0,478,0
782,55,110,0,7,1,2,322,0
783,3,17,0,0,0,1,444,0
784,22,38,0,2,0,0,450,0
785,3,0,0,0,0,0,336,0
786,24,26,0,0,0,0,487,0
787,17,37,0,3,0,2,493,0
788,9,18,0,2,0,2,108,0
789,13,5,0,1,0,0,646,0
790,1,13,0,1,0,0,120,0
791,12,7,0,1,0,1,134,0
792,23,58,0,3,0,0,652,0
793,20,28,0,0,0,0,861,0
794,12,72,0,3,1,0,21,0
795,103,261,2,11,0,4,875,0
796,24,54,0,0,0,0,35,0
797,12,6,0,1,0,2,685,0
798,18,32,0,5,0,1,849,0
799,18,20,0,4,0,0,691,0
800,5,17,0,1,0,1,732,0
801,25,20,0,1,0,1,726,0
802,6,16,0,0,0,0,915,0
803,18,10,0,0,0,0,901,0
804,9,23,0,4,0,0,929,0
805,27,55,0,0,0,1,518,0
806,10,7,0,1,0,1,256,0
807,30,51,0,1,0,0,530,0
808,33,36,1,0,0,2,524,0
809,43,70,0,5,0,1,242,0
810,32,16,0,0,0,1,295,0
811,16,21,0,0,0,0,281,0
812,17,26,0,0,0,0,297,0
813,44,66,0,6,2,2,283,0
814,15,20,0,0,0,0,532,0
815,37,88,0,1,1,1,254,0
816,72,107,4,7,0,9,240,0
817,13,23,0,1,0,1,526,0
818,12,3,0,0,0,0,268,0
819,3,8,0,0,0,0,917,0
820,29,35,1,4,0,0,903,0
821,12,14,0,0,0,1,730,0
822,7,9,0,0,0,0,724,0
823,14,37,0,0,1,0,718,0
824,64,66,0,5,0,1,687,0
825,21,25,0,0,0,0,693,0
826,7,15,0,0,0,0,23,0
827,48,46,0,2,0,1,863,0
828,51,103,0,9,0,2,37,0
829,89,88,0,10,0,1,877,0
830,31,40,1,2,0,2,122,0
831,9,21,0,1,0,0,644,0
832,35,78,0,1,0,1,888,0
833,6,11,0,3,0,0,650,0
834,75,105,0,7,0,0,136,0
835,8,42,0,0,0,0,678,0
836,35,29,0,0,0,1,485,0
837,34,26,5,9,0,0,491,0
838,5,16,0,0,1,0,446,0
839,8,7,0,0,0,0,320,0
840,24,51,0,4,0,0,334,0
841,12,4,0,0,0,0,452,0
842,26,36,0,3,0,2,308,0
843,2,5,0,0,0,0,309,0
844,65,104,0,6,0,4,335,0
845,18,9,0,0,0,0,453,0
846,8,30,0,2,0,0,447,0
847,42,29,0,2,0,0,321,0
848,5,16,0,0,0,1,490,0
849,21,18,0,1,0,0,484,0
850,86,240,1,7,1,0,679,0
851,29,29,0,1,0,1,651,0
852,26,64,0,8,0,0,889,0
853,58,69,0,8,0,0,137,0
854,29,95,0,1,0,1,123,0
855,12,15,0,1,0,0,645,0
856,37,38,0,4,0,0,876,0
857,19,21,0,0,0,1,36,0
858,21,44,1,0,0,0,862,0
859,9,9,0,0,0,0,22,0
860,4,2,0,0,0,0,692,0
861,20,17,0,2,2,0,686,0
862,34,27,0,1,1,0,719,0
863,28,74,0,6,1,0,725,0
864,18,35,0,3,0,2,731,0
865,25,37,0,3,0,2,902,0
866,5,0,0,0,0,0,916,0
867,1,2,0,0,0,0,269,0
868,28,31,0,0,0,2,241,0
869,48,73,1,2,1,2,527,0
870,41,99,0,4,0,0,533,0
871,14,36,0,1,0,1,255,0
872,106,98,0,7,0,2,282,0
873,32,16,0,0,0,0,296,0
874,13,11,0,0,0,0,292,0
875,24,9,0,0,0,1,286,0
876,25,52,1,3,0,1,279,0
877,5,23,0,3,0,1,251,0
878,10,32,0,0,0,0,537,0
879,54,44,1,5,0,4,523,0
880,13,5,0,0,0,0,245,0
881,25,35,0,2,3,0,912,0
882,46,78,1,1,1,4,906,0
883,15,30,0,1,0,0,709,0
884,69,41,0,8,0,0,735,0
885,12,41,0,0,0,0,721,0
886,29,29,0,10,1,1,26,0
887,19,64,1,7,0,0,866,0
888,4,5,0,1,0,0,32,0
889,21,38,0,3,0,0,872,0
890,56,108,0,2,0,0,682,0
891,26,71,0,0,0,1,696,0
892,24,11,0,4,1,0,669,0
893,10,5,0,0,0,0,899,0
894,4,8,0,0,0,0,641,0
895,12,54,0,1,0,3,127,0
896,74,37,0,8,2,1,133,0
897,10,13,0,0,0,1,655,0
898,48,74,1,9,0,3,480,0
899,41,109,2,2,0,1,494,0
900,14,8,0,0,0,0,319,0
901,43,82,0,4,0,1,325,0
902,9,11,0,1,0,3,443,0
903,48,52,1,0,3,6,457,0
904,15,71,0,1,0,1,331,0
905,78,75,1,9,0,2,456,0
906,45,100,0,3,0,0,330,0
907,44,56,0,5,0,4,324,0
908,19,41,0,3,0,0,442,0
909,6,13,0,2,1,0,318,0
910,31,32,0,5,0,3,495,0
911,47,53,0,3,0,1,481,0
912,0,5,0,0,0,0,132,0
913,39,63,0,10,0,0,654,0
914,5,0,0,0,1,0,640,0
915,73,137,1,3,0,0,898,0
916,4,3,0,0,0,0,126,0
917,0,2,0,2,0,0,668,0
918,18,22,0,0,0,1,697,0
919,4,4,0,2,0,0,683,0
920,38,64,0,6,1,1,873,0
921,28,30,0,0,0,0,33,0
922,17,30,0,2,0,1,867,0
923,8,5,0,2,0,0,27,0
924,10,24,0,2,0,1,720,0
925,20,32,0,3,0,2,734,0
926,11,34,0,0,0,0,708,0
927,9,6,0,1,0,0,907,0
928,11,34,0,2,0,0,913,0
929,29,74,0,1,0,0,522,0
930,40,61,0,1,0,0,244,0
931,7,26,0,1,0,0,250,0
932,32,67,0,2,0,0,536,0
933,10,22,0,0,0,1,278,0
934,70,87,1,4,0,2,287,0
935,18,28,0,2,0,1,293,0
936,53,56,0,2,0,5,285,0
937,59,46,0,3,0,1,291,0
938,20,26,0,0,0,1,508,0
939,1,9,0,2,0,1,246,0
940,38,52,0,1,0,0,520,0
941,55,102,0,5,0,1,534,0
942,111,177,2,6,1,3,252,0
943,23,41,1,3,0,0,905,0
944,12,49,0,3,0,0,911,0
945,31,44,0,2,0,0,939,0
946,5,19,0,0,0,1,722,0
947,24,21,0,3,0,1,736,0
948,19,7,0,2,0,0,31,0
949,48,112,0,4,0,2,871,0
950,10,17,0,3,0,1,25,0
951,12,15,0,0,0,0,865,0
952,17,44,0,1,0,0,695,0
953,15,29,0,0,0,0,681,0
954,31,72,0,4,0,1,19,0
955,23,26,0,1,0,0,859,0
956,15,34,0,0,0,0,118,0
957,19,53,0,3,0,1,656,0
958,8,20,0,0,0,1,130,0
959,4,16,0,0,0,0,124,0
960,8,13,0,0,0,0,642,0
961,23,8,0,4,0,0,497,0
962,5,7,0,0,0,0,483,0
963,4,4,0,2,0,0,468,0
964,48,101,0,4,3,0,332,0
965,23,29,0,0,0,0,454,0
966,21,16,0,2,0,0,440,0
967,30,49,0,4,1,1,326,0
968,18,56,0,4,0,0,441,0
969,7,19,0,0,0,1,327,0
970,35,44,0,3,1,1,333,0
971,18,24,0,1,1,2,455,0
972,31,68,0,3,3,1,469,0
973,33,28,1,4,1,1,482,0
974,29,7,0,3,0,2,496,0
975,8,33,0,3,1,2,125,0
976,8,7,0,3,0,0,643,0
977,26,29,0,2,0,1,657,0
978,11,21,0,1,1,0,131,0
979,22,23,0,3,0,0,119,0
980,6,17,0,0,0,0,858,0
981,19,37,0,2,0,0,18,0
982,23,89,0,4,0,0,680,0
983,25,35,0,0,0,0,694,0
984,45,105,0,4,1,0,864,0
985,19,16,0,1,0,0,24,0
986,56,157,0,10,0,1,870,0
987,24,38,0,5,0,0,30,0
988,114,91,0,11,0,2,737,0
989,25,105,2,3,0,0,723,0
990,10,16,0,2,0,0,938,0
991,0,10,0,0,0,0,910,0
992,10,1,0,0,0,1,904,0
993,31,71,0,7,0,0,535,0
994,27,29,0,0,1,1,253,0
995,46,56,0,3,1,0,247,0
996,15,29,0,2,0,0,521,0
997,6,13,0,1,0,1,509,0
998,48,75,0,6,1,1,290,0
999,74,60,0,8,0,5,284,0
0,57,52,0,5,1,0,289,1
1,51,65,0,2,0,0,504,1
2,29,49,1,1,1,1,262,1
3,22,38,0,1,0,0,276,1
4,73,105,0,9,0,2,510,1
5,18,17,1,5,1,0,538,1
6,4,2,0,0,1,0,909,1
7,15,24,0,0,0,0,921,1
8,1,4,0,1,0,0,935,1
9,22,69,0,5,0,0,706,1
10,16,48,0,4,0,0,712,1
11,11,7,0,1,0,0,29,1
12,10,10,0,0,0,0,869,1
13,61,124,3,17,0,2,15,1
14,3,2,0,2,0,0,855,1
15,54,118,0,6,0,1,699,1
16,45,61,0,2,0,1,841,1
17,41,46,0,2,0,1,114,1
18,25,10,0,2,0,0,672,1
19,27,31,0,1,0,0,666,1
20,4,6,0,0,0,0,100,1
21,7,7,0,0,0,0,128,1
22,10,11,0,0,0,0,896,1
23,39,52,0,3,0,2,882,1
24,23,46,0,0,0,2,470,1
25,5,23,0,3,0,1,316,1
26,44,43,0,2,0,0,302,1
27,32,63,0,2,1,1,464,1
28,101,117,2,10,0,2,458,1
29,12,33,0,4,0,1,459,1
30,36,52,0,4,0,1,303,1
31,77,80,0,4,0,1,465,1
32,85,125,0,4,0,1,471,1
33,60,60,0,6,0,0,317,1
34,12,18,0,2,0,0,883,1
35,33,92,0,5,0,1,129,1
36,8,16,0,0,0,0,897,1
37,4,0,0,0,0,0,667,1
38,16,20,0,0,0,0,101,1
39,31,101,0,2,1,2,115,1
40,35,22,0,2,0,0,673,1
41,42,87,0,5,2,0,840,1
42,16,20,0,0,0,4,698,1
43,69,163,0,9,0,6,854,1
44,48,98,0,4,0,0,14,1
45,33,39,0,1,0,1,868,1
46,79,119,0,6,2,2,28,1
47,47,45,0,2,0,0,713,1
48,30,70,1,3,0,1,707,1
49,3,21,0,2,0,0,934,1
50,26,76,2,4,0,1,920,1
51,11,2,0,0,0,0,908,1
52,16,21,3,1,0,0,539,1
53,60,93,0,3,0,0,277,1
54,11,16,0,0,0,0,511,1
55,21,42,0,7,0,0,505,1
56,4,25,0,2,0,0,263,1
57,41,30,0,2,0,1,288,1
58,4,8,1,0,0,0,513,1
59,12,10,0,1,0,0,275,1
60,3,6,0,0,0,1,261,1
61,9,4,0,0,0,0,507,1
62,12,36,0,1,0,1,249,1
63,24,32,0,2,4,0,936,1
64,15,38,0,1,0,0,922,1
65,50,70,0,10,2,6,711,1
66,122,298,2,27,3,4,705,1
67,13,69,2,5,1,0,739,1
68,4,14,0,0,0,0,842,1
69,45,58,0,2,0,1,16,1
70,14,13,0,0,0,0,856,1
71,20,43,0,0,0,0,103,1
72,25,12,0,0,0,1,665,1
73,30,39,0,2,0,1,671,1
74,14,23,0,0,0,3,117,1
75,0,0,0,0,0,0,881,1
76,24,38,1,3,0,1,659,1
77,10,26,0,3,0,0,895,1
78,27,38,0,5,0,0,498,1
79,72,133,3,10,0,3,467,1
80,24,26,0,1,0,1,301,1
81,124,261,4,16,2,2,315,1
82,101,154,0,8,1,3,473,1
83,65,47,0,7,0,1,329,1
84,72,79,0,4,0,1,328,1
85,8,42,0,0,0,1,314,1
86,135,202,3,25,0,3,472,1
87,42,161,0,9,0,1,466,1
88,84,89,0,7,0,2,300,1
89,44,25,0,0,0,0,499,1
90,67,49,0,4,0,2,894,1
91,11,9,0,1,0,0,658,1
92,9,14,0,2,0,1,880,1
93,10,16,0,2,0,0,670,1
94,15,20,0,0,0,0,116,1
95,17,21,0,2,0,1,102,1
96,0,5,0,0,0,0,664,1
97,5,16,0,1,0,1,857,1
98,22,23,0,2,0,1,17,1
99,11,14,0,0,0,0,843,1
100,20,60,0,7,0,4,738,1
101,51,97,0,7,0,0,704,1
102,33,68,1,3,0,2,710,1
103,18,54,0,1,1,0,923,1
104,18,17,0,1,0,0,937,1
105,43,76,2,5,0,3,248,1
106,9,9,0,0,1,0,260,1
107,29,35,0,2,0,0,506,1
108,16,29,1,1,0,0,512,1
109,2,4,0,0,0,0,274,1
110,5,8,0,0,0,0,258,1
111,17,6,0,3,0,1,270,1
112,8,7,0,0,0,1,516,1
113,43,49,0,0,0,0,502,1
114,25,33,0,3,0,2,264,1
115,36,73,0,9,0,1,933,1
116,14,13,0,1,0,0,927,1
117,19,15,0,1,0,0,728,1
118,31,67,0,1,0,0,714,1
119,11,12,0,4,1,0,700,1
120,23,80,0,3,0,0,847,1
121,19,46,0,3,0,0,13,1
122,5,2,0,1,0,0,853,1
123,8,17,0,1,0,0,884,1
124,70,105,0,5,1,1,890,1
125,20,42,4,2,0,0,648,1
126,8,14,1,2,0,0,660,1
127,11,25,0,0,0,0,106,1
128,9,27,0,1,1,0,112,1
129,103,90,0,9,1,1,674,1
130,57,51,0,3,0,1,489,1
131,4,5,0,0,0,0,338,1
132,48,60,0,4,0,0,304,1
133,36,78,0,7,0,3,462,1
134,141,384,0,13,1,4,476,1
135,48,62,0,3,2,3,310,1
136,70,160,2,6,0,1,477,1
137,134,126,2,15,3,2,311,1
138,26,47,0,2,0,0,305,1
139,113,145,0,11,0,5,463,1
140,16,20,0,1,0,2,339,1
141,78,109,0,6,0,2,488,1
142,3,2,0,0,1,0,113,1
143,56,77,0,5,0,1,675,1
144,66,163,0,8,0,2,661,1
145,11,12,0,2,0,0,107,1
146,25,25,1,1,0,0,649,1
147,11,13,0,1,0,0,891,1
148,1,0,0,0,0,0,885,1
149,37,32,1,4,0,0,852,1
150,92,123,4,11,0,2,12,1
151,46,28,0,0,1,1,846,1
152,27,30,1,2,0,0,701,1
153,16,43,0,2,0,1,715,1
154,88,142,0,9,0,3,729,1
155,26,37,0,2,0,0,926,1
156,25,82,0,6,0,0,932,1
157,33,85,0,4,0,1,503,1
158,16,9,0,3,0,2,265,1
159,3,0,0,0,0,0,271,1
160,16,34,0,0,0,0,517,1
161,12,7,0,0,0,0,259,1
162,184,203,3,16,0,2,298,1
163,11,40,0,0,1,1,529,1
164,44,50,0,9,0,3,267,1
165,23,56,0,1,0,0,501,1
166,8,9,0,0,0,0,515,1
167,3,10,0,0,0,0,273,1
168,15,42,0,3,0,0,924,1
169,5,4,0,1,0,0,930,1
170,11,23,0,0,0,0,918,1
171,18,38,0,1,0,0,703,1
172,67,76,1,4,0,1,717,1
173,24,47,0,0,0,4,688,1
174,35,43,0,4,0,0,10,1
175,23,56,0,1,1,0,850,1
176,17,43,0,7,0,0,844,1
177,17,38,1,0,0,0,38,1
178,1,5,0,0,0,0,878,1
179,3,10,0,0,1,0,893,1
180,11,38,0,1,0,2,139,1
181,8,13,0,0,0,0,887,1
182,12,38,0,0,0,0,677,1
183,10,26,0,0,0,1,111,1
184,18,14,0,1,0,0,105,1
185,8,11,0,0,0,2,663,1
186,72,88,0,11,1,1,449,1
187,37,47,0,6,0,3,313,1
188,103,280,8,22,0,3,475,1
189,34,21,0,0,1,0,461,1
190,14,7,0,0,0,1,307,1
191,44,68,0,5,0,4,460,1
192,50,58,0,5,0,1,306,1
193,27,53,2,4,0,0,312,1
194,44,152,0,2,0,1,474,1
195,31,43,0,0,0,0,448,1
196,12,36,0,0,0,0,104,1
197,88,97,0,2,4,2,662,1
198,34,74,0,3,1,1,676,1
199,21,57,0,0,0,0,110,1
200,41,89,0,4,0,0,138,1
201,3,6,0,0,0,0,886,1
202,8,8,0,0,0,0,892,1
203,87,134,0,6,0,0,879,1
204,6,19,0,0,0,0,39,1
205,38,81,0,0,0,3,845,1
206,38,77,0,1,0,1,851,1
207,29,14,0,2,0,0,11,1
208,22,67,0,6,0,1,689,1
209,44,73,0,5,0,1,716,1
210,30,71,0,1,0,1,702,1
211,25,49,0,6,1,1,919,1
212,4,29,0,1,0,0,931,1
213,11,41,0,4,0,0,925,1
214,24,14,0,0,0,0,514,1
215,25,36,0,0,0,0,272,1
216,11,21,0,5,0,1,266,1
217,10,4,0,0,0,0,500,1
218,15,23,0,1,0,0,528,1
219,78,54,0,8,0,1,299,1
220,22,19,0,2,0,1,598,1
221,12,4,0,2,0,1,201,1
222,9,16,0,3,0,0,567,1
223,7,14,2,1,0,1,573,1
224,74,132,0,2,0,1,215,1
225,9,10,0,0,0,1,229,1
226,14,7,0,0,0,2,942,1
227,15,36,0,2,0,1,956,1
228,34,28,0,0,2,0,765,1
229,18,16,0,8,2,1,771,1
230,88,96,0,5,0,1,759,1
231,8,6,0,2,0,0,981,1
232,60,103,0,8,0,1,995,1
233,83,102,0,18,0,2,76,1
234,28,60,0,2,0,0,836,1
235,12,23,0,0,0,0,188,1
236,12,23,0,0,0,0,62,1
237,22,37,0,1,0,0,822,1
238,26,17,0,1,0,1,89,1
239,68,51,1,3,0,0,611,1
240,15,34,0,0,0,0,177,1
241,22,22,0,3,0,0,163,1
242,6,1,0,0,0,0,605,1
243,17,23,0,0,0,0,639,1
244,20,25,0,0,0,3,375,1
245,6,2,0,0,0,0,413,1
246,71,101,0,11,0,2,407,1
247,24,10,0,2,0,0,361,1
248,14,21,0,5,0,0,349,1
249,5,27,0,2,0,0,348,1
250,10,17,0,2,0,0,406,1
251,6,24,0,0,0,0,360,1
252,25,3,0,2,0,1,374,1
253,57,116,1,6,0,3,412,1
254,21,28,0,2,0,0,638,1
255,21,45,0,1,0,1,162,1
256,41,49,0,5,0,1,604,1
257,16,10,0,4,0,1,610,1
258,50,60,0,5,0,0,88,1
259,13,28,0,0,0,0,176,1
260,14,17,0,3,0,1,823,1
261,13,31,0,1,0,3,63,1
262,14,12,0,0,0,2,837,1
263,33,46,0,1,0,2,77,1
264,82,144,0,6,0,1,189,1
265,18,10,0,2,0,1,994,1
266,3,16,0,5,0,0,980,1
267,27,36,0,1,0,2,758,1
268,27,37,0,0,1,0,770,1
269,13,27,0,2,0,0,764,1
270,31,33,0,6,0,2,957,1
271,12,6,0,6,1,0,943,1
272,11,22,0,2,0,1,228,1
273,4,7,0,1,0,0,572,1
274,32,74,0,0,0,2,214,1
275,31,57,1,3,0,1,200,1
276,38,72,0,8,0,2,566,1
277,31,31,0,0,0,0,599,1
278,63,24,0,7,0,0,216,1
279,6,15,0,0,0,0,570,1
280,4,12,0,2,1,0,564,1
281,63,187,0,9,1,4,202,1
282,24,41,0,4,0,1,558,1
283,75,100,0,11,0,0,969,1
284,37,49,0,3,1,0,955,1
285,46,56,1,2,0,0,941,1
286,1,5,0,2,0,0,799,1
287,4,5,0,1,0,0,772,1
288,37,48,0,8,2,1,766,1
289,23,19,0,1,0,0,996,1
290,8,21,0,2,0,0,982,1
291,29,11,0,4,0,1,49,1
292,36,33,0,2,0,1,809,1
293,104,149,0,15,2,0,61,1
294,27,19,0,0,0,1,821,1
295,13,11,2,1,0,0,75,1
296,68,129,1,9,9,0,835,1
297,51,22,2,2,0,1,606,1
298,44,51,0,4,0,5,160,1
299,17,23,0,0,0,3,174,1
300,150,133,0,18,1,4,612,1
301,27,85,0,0,1,0,148,1
302,9,19,0,5,0,0,389,1
303,12,27,0,0,0,0,362,1
304,48,72,0,4,1,1,404,1
305,29,71,0,4,2,0,410,1
306,13,13,0,3,0,1,376,1
307,23,13,0,4,1,0,438,1
308,8,15,0,1,0,0,439,1
309,156,280,1,17,0,11,411,1
310,31,43,1,8,0,0,377,1
311,9,15,0,0,0,0,363,1
312,42,70,1,3,0,2,405,1
313,6,1,0,1,0,0,388,1
314,30,123,0,9,0,1,149,1
315,57,87,0,5,1,1,175,1
316,322,426,2,47,8,4,613,1
317,27,53,0,1,0,3,607,1
318,24,19,0,3,0,0,161,1
319,0,0,0,0,0,0,834,1
320,1,10,0,0,0,0,74,1
321,26,74,0,2,0,0,820,1
322,50,131,0,4,1,1,60,1
323,31,42,0,2,0,0,808,1
324,29,33,0,5,1,0,48,1
325,37,45,0,7,0,0,983,1
326,83,120,2,16,1,6,997,1
327,63,119,2,7,2,0,767,1
328,21,38,0,0,0,0,773,1
329,1,0,0,1,0,0,798,1
330,49,68,0,4,0,3,940,1
331,39,78,0,6,1,2,954,1
332,32,67,0,4,0,0,968,1
333,29,41,0,3,1,1,559,1
334,11,33,0,1,0,0,565,1
335,32,44,0,11,0,0,203,1
336,33,41,0,2,0,0,217,1
337,0,0,0,0,0,0,571,1
338,3,11,0,0,0,0,549,1
339,2,7,0,3,0,1,575,1
340,99,168,0,14,1,0,213,1
341,45,68,0,6,0,1,207,1
342,21,36,0,3,4,0,561,1
343,30,36,0,3,0,0,950,1
344,6,7,0,0,0,0,788,1
345,94,135,1,12,1,2,944,1
346,25,16,0,0,0,0,978,1
347,17,23,0,0,0,0,993,1
348,10,19,2,2,0,0,987,1
349,16,10,0,1,0,0,777,1
350,20,20,0,0,0,1,763,1
351,41,60,5,4,0,0,64,1
352,12,6,0,0,0,0,824,1
353,40,45,0,3,0,0,70,1
354,44,144,2,13,0,0,830,1
355,15,22,0,3,1,0,58,1
356,49,69,0,8,1,0,818,1
357,10,49,0,0,0,0,159,1
358,20,36,0,3,0,0,165,1
359,26,14,0,1,0,1,603,1
360,5,3,0,0,0,0,617,1
361,11,19,0,6,0,1,171,1
362,32,50,0,5,0,0,398,1
363,14,32,0,2,0,2,429,1
364,91,133,0,9,0,1,401,1
365,3,4,0,0,0,0,367,1
366,28,34,0,1,0,2,373,1
367,17,22,0,1,0,0,415,1
368,25,26,0,0,0,3,372,1
369,64,64,0,8,0,2,414,1
370,87,123,2,10,0,1,400,1
371,25,19,1,4,0,0,366,1
372,85,282,1,18,0,4,428,1
373,44,65,3,19,0,0,399,1
374,9,5,0,1,0,1,616,1
375,6,4,0,0,0,0,170,1
376,20,12,0,2,1,0,164,1
377,91,106,0,5,0,1,602,1
378,20,29,0,4,0,0,158,1
379,16,18,0,0,0,0,819,1
380,61,48,0,1,1,1,59,1
381,17,66,1,3,0,1,831,1
382,6,12,0,1,0,0,71,1
383,8,12,0,0,0,0,825,1
384,8,8,0,1,0,0,65,1
385,63,69,0,3,0,0,762,1
386,81,133,3,5,0,1,776,1
387,4,1,0,0,0,0,986,1
388,38,88,0,8,0,1,992,1
389,24,30,0,5,0,1,979,1
390,16,15,0,2,0,0,945,1
391,8,48,0,2,0,0,789,1
392,14,66,0,1,0,1,951,1
393,49,62,0,1,0,2,206,1
394,20,16,0,1,0,0,560,1
395,12,3,0,1,0,0,574,1
396,15,25,0,0,0,0,212,1
397,11,5,0,0,0,0,548,1
398,16,32,1,1,0,2,589,1
399,15,11,0,0,0,2,238,1
400,8,6,0,0,0,0,562,1
401,91,138,2,11,0,3,204,1
402,42,42,0,4,0,2,210,1
403,63,149,1,13,0,4,576,1
404,14,16,0,0,0,1,947,1
405,6,22,0,3,0,0,953,1
406,25,56,0,0,0,0,984,1
407,17,10,1,1,0,1,748,1
408,2,2,0,0,0,0,990,1
409,22,39,0,1,0,0,760,1
410,115,105,0,5,5,2,774,1
411,7,21,0,1,0,0,73,1
412,45,38,0,10,1,1,833,1
413,45,70,0,12,1,3,67,1
414,31,31,0,2,0,6,827,1
415,33,33,0,3,0,1,199,1
416,35,82,0,0,0,0,9,1
417,12,6,0,2,0,0,628,1
418,17,7,0,3,0,0,172,1
419,45,38,0,5,0,1,614,1
420,21,23,0,0,0,0,600,1
421,9,15,0,1,0,0,98,1
422,7,23,0,2,0,1,166,1
423,24,20,0,2,0,0,358,1
424,22,7,0,1,0,1,416,1
425,23,8,0,0,0,0,370,1
426,25,27,1,0,0,2,364,1
427,27,41,1,0,0,0,402,1
428,17,17,0,1,0,2,365,1
429,64,62,0,3,0,1,403,1
430,6,2,0,0,0,0,417,1
431,15,16,0,2,0,2,371,1
432,42,72,0,4,0,1,359,1
433,15,57,0,4,0,0,99,1
434,83,75,1,10,0,1,601,1
435,7,1,0,0,0,1,167,1
436,25,29,2,2,0,0,173,1
437,66,61,0,0,0,4,615,1
438,8,10,0,1,0,0,629,1
439,18,31,0,4,0,0,8,1
440,17,27,0,2,0,1,826,1
441,24,97,0,3,0,0,66,1
442,11,7,0,0,0,0,198,1
443,18,45,0,4,0,0,832,1
444,14,4,2,1,0,0,72,1
445,72,69,1,7,0,2,775,1
446,40,110,0,12,0,3,761,1
447,10,8,0,2,0,0,991,1
448,8,8,0,1,0,0,749,1
449,9,16,0,1,0,0,985,1
450,50,113,0,9,0,2,952,1
451,56,102,0,2,1,2,946,1
452,44,71,1,2,0,0,211,1
453,23,56,0,5,2,0,577,1
454,15,20,0,2,0,0,563,1
455,139,355,4,28,1,9,205,1
456,10,20,0,1,0,3,239,1
457,8,6,0,2,1,2,588,1
458,12,34,0,1,0,2,585,1
459,37,36,0,0,0,0,591,1
460,4,2,0,0,0,0,220,1
461,0,3,0,0,0,0,546,1
462,31,75,0,1,0,0,552,1
463,2,0,0,2,0,0,234,1
464,14,20,0,0,0,1,208,1
465,14,11,1,2,0,0,787,1
466,28,62,1,1,0,0,793,1
467,23,42,0,2,0,0,963,1
468,7,8,0,2,0,0,977,1
469,66,95,0,14,1,6,744,1
470,5,3,0,0,0,0,750,1
471,3,5,0,6,0,0,988,1
472,15,47,0,3,1,2,778,1
473,11,31,0,1,0,0,195,1
474,6,13,0,1,0,0,181,1
475,46,81,0,0,0,2,57,1
476,31,48,0,2,1,0,817,1
477,27,45,0,1,0,0,5,1
478,7,8,0,2,0,0,43,1
479,12,1,0,0,0,0,803,1
480,37,50,0,3,0,2,630,1
481,20,61,0,5,0,0,156,1
482,24,65,1,4,0,0,142,1
483,4,10,0,2,0,0,624,1
484,18,47,0,1,2,0,94,1
485,1,3,0,1,0,1,80,1
486,19,12,1,1,0,0,618,1
487,131,210,0,23,0,1,397,1
488,27,24,0,2,0,0,383,1
489,0,0,0,0,0,0,354,1
490,46,40,0,2,0,0,432,1
491,8,10,0,0,0,0,426,1
492,5,9,0,0,0,1,340,1
493,26,25,0,1,0,0,368,1
494,42,90,0,2,0,0,369,1
495,18,19,0,0,0,0,427,1
496,16,31,0,6,0,3,341,1
497,5,13,0,0,0,0,355,1
498,13,3,0,0,0,0,433,1
499,7,7,0,1,0,0,382,1
500,72,105,0,22,0,0,396,1
501,5,5,0,2,0,0,619,1
502,1,8,0,0,0,0,81,1
503,107,249,0,8,0,1,95,1
504,12,15,0,0,0,1,143,1
505,7,3,0,2,0,0,625,1
506,5,3,0,0,0,0,631,1
507,40,72,0,2,3,0,157,1
508,9,5,0,0,0,0,802,1
509,7,2,0,0,0,0,42,1
510,23,61,0,1,0,1,816,1
511,71,94,0,7,1,0,56,1
512,73,106,0,3,0,1,4,1
513,65,148,0,5,1,6,180,1
514,34,153,0,6,0,0,194,1
515,24,27,0,1,0,0,779,1
516,25,10,0,3,0,1,989,1
517,2,2,0,0,0,0,751,1
518,46,114,0,7,1,3,745,1
519,22,23,0,2,0,0,976,1
520,33,46,0,3,0,1,962,1
521,9,30,0,0,0,0,792,1
522,23,16,0,1,0,1,786,1
523,111,122,1,9,0,2,209,1
524,20,46,0,3,0,0,553,1
525,14,21,0,1,1,0,235,1
526,7,25,0,2,0,1,221,1
527,4,0,0,0,0,0,547,1
528,13,9,0,1,0,1,590,1
529,7,2,0,0,0,0,584,1
530,28,38,0,3,4,0,592,1
531,2,6,0,0,0,0,586,1
532,8,3,0,4,0,1,237,1
533,6,15,0,2,0,0,551,1
534,8,18,0,0,0,0,545,1
535,39,45,0,5,0,1,223,1
536,27,52,0,4,0,5,579,1
537,35,44,0,3,0,0,948,1
538,9,7,0,0,0,0,790,1
539,51,51,0,1,0,0,784,1
540,51,93,2,10,0,1,974,1
541,34,92,0,4,0,1,960,1
542,3,0,0,0,0,0,753,1
543,16,6,0,5,0,0,747,1
544,12,31,0,1,0,0,182,1
545,26,51,0,6,0,0,196,1
546,62,69,0,7,0,1,68,1
547,30,42,0,3,0,0,828,1
548,30,35,0,0,0,0,40,1
549,38,74,0,9,0,2,800,1
550,103,103,0,14,1,1,6,1
551,11,25,0,2,0,0,54,1
552,40,155,0,10,1,1,814,1
553,47,51,0,1,0,4,627,1
554,50,98,0,10,0,0,141,1
555,22,20,0,1,0,0,155,1
556,28,14,0,5,0,0,633,1
557,13,23,0,1,0,0,83,1
558,47,56,0,4,1,1,169,1
559,33,42,0,0,0,0,97,1
560,37,40,1,3,2,2,380,1
561,36,49,0,5,0,0,394,1
562,7,4,0,0,0,0,343,1
563,48,92,2,4,1,0,425,1
564,64,149,0,14,4,4,431,1
565,0,1,0,0,0,0,357,1
566,57,95,1,3,0,1,419,1
567,14,22,0,0,0,0,418,1
568,51,71,0,8,0,0,430,1
569,0,0,0,0,0,0,356,1
570,15,30,0,0,0,0,342,1
571,43,131,1,11,0,0,424,1
572,36,64,2,0,0,0,395,1
573,13,27,0,2,0,2,381,1
574,67,134,3,2,0,0,168,1
575,22,48,0,1,0,0,96,1
576,10,8,1,3,1,1,82,1
577,23,52,0,2,0,1,154,1
578,4,9,0,2,0,0,632,1
579,5,4,0,2,0,0,626,1
580,21,7,0,10,0,0,140,1
581,91,118,0,6,2,5,7,1
582,10,23,0,0,0,1,815,1
583,21,40,0,4,0,1,55,1
584,4,16,0,1,0,0,801,1
585,5,1,0,0,0,0,41,1
586,23,35,0,2,0,1,197,1
587,17,73,0,0,0,1,829,1
588,15,19,0,4,0,2,69,1
589,5,5,0,5,0,0,183,1
590,7,12,0,4,0,0,746,1
591,6,21,0,2,0,0,752,1
592,27,57,0,6,0,0,961,1
593,7,8,0,1,1,0,975,1
594,2,0,0,0,0,0,785,1
595,81,72,0,5,0,1,791,1
596,87,271,4,13,5,3,949,1
597,15,35,2,6,0,0,578,1
598,31,47,0,4,0,2,544,1
599,49,63,0,1,1,1,222,1
600,8,8,0,3,0,0,236,1
601,15,3,0,0,0,0,550,1
602,39,78,0,9,0,0,587,1
603,43,50,0,4,0,4,593,1
604,12,30,0,2,0,1,597,1
605,22,38,0,2,0,0,583,1
606,7,3,0,1,0,0,568,1
607,31,16,0,0,0,1,554,1
608,22,26,0,0,0,0,232,1
609,12,27,0,2,0,0,226,1
610,58,78,2,5,0,0,540,1
611,28,32,2,9,1,0,971,1
612,30,65,0,4,0,0,965,1
613,11,18,0,2,0,0,795,1
614,24,36,0,1,1,0,959,1
615,18,15,0,0,0,0,781,1
616,3,1,0,0,0,0,756,1
617,17,46,0,3,0,0,742,1
618,8,14,0,1,0,0,45,1
619,50,110,1,4,2,1,805,1
620,7,6,0,0,0,0,51,1
621,35,40,0,6,0,0,811,1
622,33,38,0,0,0,1,3,1
623,9,5,0,0,0,0,187,1
624,22,30,2,1,0,0,79,1
625,32,23,0,0,0,1,839,1
626,14,17,0,4,0,0,193,1
627,20,26,0,2,0,1,178,1
628,41,58,0,2,0,0,86,1
629,44,64,0,3,0,4,92,1
630,33,82,0,3,0,1,144,1
631,19,20,0,3,1,3,622,1
632,24,25,0,2,0,0,636,1
633,18,45,0,0,0,0,150,1
634,23,34,0,2,1,1,385,1
635,15,33,0,0,0,1,391,1
636,21,49,0,2,0,2,408,1
637,21,54,2,8,0,0,420,1
638,19,28,0,2,0,1,346,1
639,8,21,1,5,0,0,352,1
640,16,28,0,3,0,0,434,1
641,24,17,1,1,0,0,353,1
642,13,16,0,0,0,4,435,1
643,2,4,0,0,0,0,421,1
644,0,0,0,0,0,0,347,1
645,27,27,0,5,0,0,409,1
646,26,2,0,3,1,0,390,1
647,10,5,0,1,0,0,384,1
648,18,23,0,0,0,0,637,1
649,11,20,0,1,0,0,151,1
650,20,48,0,2,0,0,145,1
651,4,10,0,2,0,0,623,1
652,81,115,0,14,0,2,93,1
653,38,44,0,5,0,1,179,1
654,29,32,0,0,0,0,87,1
655,6,11,0,3,0,0,192,1
656,13,33,0,1,0,0,186,1
657,33,67,0,5,0,0,838,1
658,22,30,2,1,0,0,78,1
659,23,10,0,2,1,1,810,1
660,17,6,1,0,0,0,50,1
661,82,45,0,7,1,1,2,1
662,1,15,0,0,0,0,804,1
663,6,9,0,1,0,0,44,1
664,21,6,0,2,0,0,743,1
665,39,48,0,4,0,0,757,1
666,24,28,0,2,0,0,780,1
667,35,97,2,17,5,4,958,1
668,4,7,0,2,0,0,794,1
669,18,20,1,4,0,1,964,1
670,28,36,0,0,0,0,970,1
671,26,14,0,4,0,0,227,1
672,12,18,0,0,0,0,541,1
673,48,99,0,6,0,3,555,1
674,12,22,0,3,0,1,233,1
675,12,10,0,0,0,0,569,1
676,32,59,0,5,0,1,582,1
677,38,75,0,1,2,0,596,1
678,8,28,0,4,0,0,580,1
679,35,14,0,0,1,2,594,1
680,41,56,0,7,0,0,1000,1
681,13,5,0,0,0,0,219,1
682,19,49,0,4,0,1,543,1
683,5,3,0,0,0,0,225,1
684,24,46,0,0,0,1,231,1
685,33,19,0,2,0,1,557,1
686,22,24,0,2,0,0,966,1
687,20,31,0,3,5,2,972,1
688,21,32,0,4,0,0,782,1
689,8,16,0,0,0,0,796,1
690,39,63,0,2,0,1,769,1
691,41,39,0,3,0,0,741,1
692,11,29,0,0,0,1,999,1
693,7,1,0,0,0,0,755,1
694,18,5,0,1,0,0,52,1
695,43,102,0,4,0,2,812,1
696,22,30,0,8,0,0,46,1
697,31,72,0,3,0,0,806,1
698,23,27,0,1,0,0,190,1
699,2,7,0,2,0,0,184,1
700,39,30,0,0,0,1,609,1
701,61,66,0,5,1,0,91,1
702,41,79,0,12,0,1,85,1
703,31,83,0,2,0,0,153,1
704,2,8,0,2,0,1,635,1
705,17,16,1,4,0,0,621,1
706,37,88,0,8,0,0,147,1
707,6,2,0,0,0,1,392,1
708,17,22,0,1,0,1,386,1
709,22,42,0,1,0,0,379,1
710,26,21,0,3,1,2,437,1
711,6,38,0,9,0,0,351,1
712,38,21,0,4,0,0,345,1
713,64,114,1,5,2,0,423,1
714,30,27,0,1,0,0,344,1
715,36,39,1,2,0,3,422,1
716,7,8,0,0,0,0,436,1
717,3,2,0,0,0,0,350,1
718,16,29,1,4,0,0,378,1
719,3,4,0,1,0,0,387,1
720,33,54,0,1,0,0,393,1
721,9,3,0,0,0,1,620,1
722,17,23,0,2,0,0,146,1
723,7,4,0,0,0,0,152,1
724,43,30,0,3,0,1,634,1
725,15,15,0,4,1,0,84,1
726,15,16,0,0,0,0,90,1
727,22,24,0,2,0,0,608,1
728,1,28,0,2,0,0,185,1
729,40,66,0,0,0,1,191,1
730,24,110,0,5,0,2,807,1
731,11,15,1,4,0,0,47,1
732,27,12,0,3,0,0,1,1
733,28,97,0,8,0,0,813,1
734,14,11,0,0,0,1,53,1
735,14,10,0,2,1,2,754,1
736,28,29,0,2,0,0,998,1
737,39,37,0,1,4,2,740,1
738,0,0,0,0,0,0,768,1
739,27,41,0,3,0,1,797,1
740,39,11,0,2,0,1,783,1
741,38,53,0,6,5,3,973,1
742,48,66,0,17,0,0,967,1
743,18,15,0,0,0,0,230,1
744,23,33,0,0,0,0,556,1
745,42,58,0,4,0,1,542,1
746,8,37,0,0,1,0,224,1
747,22,49,0,2,0,0,218,1
748,8,11,0,1,0,1,595,1
749,16,50,0,3,0,4,581,1
750,10,35,0,1,0,1,280,1
751,69,114,0,6,0,2,294,1
752,22,24,0,5,0,4,525,1
753,26,24,0,1,3,0,243,1
754,17,40,0,2,0,2,257,1
755,46,79,0,10,0,1,531,1
756,65,93,2,3,1,1,519,1
757,77,79,0,8,0,0,928,1
758,3,10,0,0,0,0,900,1
759,10,1,0,0,0,0,914,1
760,43,51,0,1,0,2,727,1
761,23,8,0,0,0,1,733,1
762,24,55,0,2,0,2,690,1
763,13,23,0,1,0,2,848,1
764,55,78,0,12,1,1,684,1
765,12,9,2,1,0,1,34,1
766,14,20,0,0,0,1,874,1
767,41,52,0,2,0,0,20,1
768,6,8,0,0,0,1,860,1
769,33,74,1,3,0,4,135,1
770,6,21,0,1,0,0,653,1
771,12,34,0,3,1,1,647,1
772,5,9,0,0,0,1,121,1
773,157,209,4,14,1,4,109,1
774,40,60,0,3,0,3,492,1
775,66,49,0,3,1,3,486,1
776,119,79,0,20,0,2,451,1
777,22,24,0,0,1,4,337,1
778,39,70,0,7,0,2,323,1
779,58,121,0,4,0,2,445,1
780,31,81,0,6,1,0,479,1
781,22,54,0,2,0,2,478,1
782,6,49,0,6,0,0,322,1
783,101,110,0,7,0,0,444,1
784,11,20,0,1,0,0,450,1
785,17,21,0,2,0,2,336,1
786,19,34,0,4,0,1,487,1
787,5,3,0,0,0,0,493,1
788,11,16,0,0,0,1,108,1
789,10,4,0,0,0,0,646,1
790,29,44,0,1,0,0,120,1
791,14,41,0,3,0,2,134,1
792,0,6,0,0,0,0,652,1
793,21,26,0,0,0,1,861,1
794,24,51,0,4,0,2,21,1
795,169,169,0,15,1,2,875,1
796,74,86,1,7,1,3,35,1
797,39,28,0,1,0,0,685,1
798,6,4,0,0,0,1,849,1
799,29,69,0,8,0,1,691,1
800,7,9,0,0,0,0,732,1
801,23,40,0,1,0,1,726,1
802,16,12,0,0,0,0,915,1
803,3,0,0,0,0,0,901,1
804,2,18,0,0,0,0,929,1
805,23,42,0,1,0,0,518,1
806,71,135,0,14,9,4,256,1
807,1,0,0,0,0,0,530,1
808,18,39,0,1,0,1,524,1
809,25,36,0,5,1,1,242,1
810,32,47,0,3,0,0,295,1
811,53,46,0,6,0,2,281,1
812,11,5,0,0,0,1,297,1
813,68,52,0,3,1,2,283,1
814,34,51,0,5,0,0,532,1
815,19,23,0,3,0,0,254,1
816,35,34,1,4,0,0,240,1
817,14,26,0,0,0,0,526,1
818,13,27,0,3,1,0,268,1
819,9,7,0,0,0,0,917,1
820,3,0,0,0,0,0,903,1
821,20,13,0,5,0,0,730,1
822,32,36,0,1,0,0,724,1
823,35,29,0,2,0,0,718,1
824,25,17,0,6,1,0,687,1
825,18,49,0,3,0,0,693,1
826,39,36,0,8,0,3,23,1
827,1,4,0,0,0,0,863,1
828,6,12,0,0,0,0,37,1
829,3,4,0,0,0,1,877,1
830,6,37,0,1,0,1,122,1
831,15,6,0,1,0,5,644,1
832,56,69,2,3,0,0,888,1
833,0,5,0,2,0,1,650,1
834,12,62,2,1,0,1,136,1
835,157,190,5,11,0,0,678,1
836,32,50,1,2,0,0,485,1
837,23,44,0,3,5,0,491,1
838,89,105,0,10,0,1,446,1
839,9,22,0,1,0,0,320,1
840,11,12,0,0,1,0,334,1
841,63,103,1,12,0,1,452,1
842,4,9,0,4,0,0,308,1
843,8,9,0,2,0,0,309,1
844,17,9,0,2,0,2,335,1
845,45,114,0,2,1,1,453,1
846,23,41,0,4,1,1,447,1
847,47,68,0,3,0,2,321,1
848,29,44,0,2,0,3,490,1
849,33,42,0,1,0,1,484,1
850,21,29,0,0,0,0,679,1
851,20,10,0,6,0,0,651,1
852,13,27,0,1,0,0,889,1
853,23,39,0,2,0,1,137,1
854,11,6,0,4,0,0,123,1
855,85,97,0,3,4,6,645,1
856,8,7,0,0,0,0,876,1
857,16,32,0,5,1,1,36,1
858,17,29,0,2,0,0,862,1
859,6,4,0,0,0,0,22,1
860,29,53,1,4,1,1,692,1
861,27,43,0,0,0,0,686,1
862,53,51,0,5,0,2,719,1
863,33,62,1,2,1,0,725,1
864,5,3,0,0,0,0,731,1
865,16,12,0,3,0,0,902,1
866,4,3,0,0,0,0,916,1
867,14,6,0,0,0,0,269,1
868,29,36,0,3,0,0,241,1
869,13,13,0,0,0,1,527,1
870,33,49,0,2,2,2,533,1
871,16,32,0,2,0,1,255,1
872,36,52,0,4,0,0,282,1
873,73,88,0,4,1,0,296,1
874,14,17,0,2,0,0,292,1
875,77,47,2,1,0,2,286,1
876,22,39,0,4,0,1,279,1
877,26,27,0,4,0,0,251,1
878,39,111,0,11,0,1,537,1
879,38,63,0,4,0,2,523,1
880,7,5,0,2,0,0,245,1
881,4,6,0,0,0,0,912,1
882,5,5,0,1,0,0,906,1
883,38,59,1,3,0,0,709,1
884,12,46,0,2,0,0,735,1
885,44,59,0,2,0,1,721,1
886,22,54,0,0,0,0,26,1
887,24,46,0,1,0,1,866,1
888,21,61,0,5,0,1,32,1
889,16,14,0,0,0,0,872,1
890,21,72,0,3,0,0,682,1
891,8,2,0,1,1,0,696,1
892,9,14,0,0,0,0,669,1
893,4,3,0,1,0,0,899,1
894,9,7,0,0,1,0,641,1
895,15,10,0,1,0,0,127,1
896,30,52,0,3,0,3,133,1
897,40,17,0,0,0,0,655,1
898,116,269,5,32,0,3,480,1
899,5,1,0,0,0,0,494,1
900,21,37,0,0,0,1,319,1
901,6,1,2,0,0,0,325,1
902,7,19,0,0,0,2,443,1
903,27,21,0,9,0,0,457,1
904,0,4,0,0,0,0,331,1
905,28,54,0,2,0,2,456,1
906,56,96,0,7,0,2,330,1
907,8,25,0,0,0,1,324,1
908,25,39,0,4,0,0,442,1
909,15,31,1,1,0,0,318,1
910,11,5,0,1,0,0,495,1
911,75,90,0,9,0,1,481,1
912,49,79,1,8,0,1,132,1
913,10,5,0,1,0,0,654,1
914,29,19,1,2,0,1,640,1
915,35,42,0,0,0,0,898,1
916,6,13,0,1,0,0,126,1
917,9,8,0,2,0,0,668,1
918,35,56,0,0,0,0,697,1
919,31,60,0,4,0,0,683,1
920,13,17,0,1,0,2,873,1
921,10,44,0,1,0,0,33,1
922,4,24,0,2,0,0,867,1
923,19,30,0,2,0,0,27,1
924,32,43,0,2,0,0,720,1
925,35,19,0,1,1,1,734,1
926,18,50,0,5,0,0,708,1
927,9,3,0,2,0,0,907,1
928,13,26,0,2,0,0,913,1
929,24,53,0,7,0,1,522,1
930,0,1,0,1,0,0,244,1
931,24,59,0,2,1,1,250,1
932,9,8,0,0,0,0,536,1
933,14,2,0,0,1,0,278,1
934,21,38,0,1,0,2,287,1
935,8,10,0,0,0,1,293,1
936,53,55,0,6,0,2,285,1
937,69,66,0,7,0,0,291,1
938,85,282,1,18,0,4,508,1
939,3,6,0,2,0,0,246,1
940,69,153,2,8,1,3,520,1
941,16,8,0,0,0,1,534,1
942,12,3,0,0,0,0,252,1
943,21,8,0,0,0,2,905,1
944,22,32,0,3,0,0,911,1
945,18,19,0,0,0,1,939,1
946,11,26,0,0,0,0,722,1
947,17,4,0,1,0,0,736,1
948,13,38,0,5,0,1,31,1
949,81,210,0,6,0,3,871,1
950,52,144,0,13,0,1,25,1
951,28,55,0,6,0,1,865,1
952,10,12,0,1,0,0,695,1
953,18,26,0,1,0,1,681,1
954,96,179,1,11,2,0,19,1
955,27,83,0,4,0,2,859,1
956,15,28,0,1,0,0,118,1
957,19,25,0,2,0,0,656,1
958,47,65,0,7,0,0,130,1
959,3,19,0,1,0,0,124,1
960,12,17,0,5,0,0,642,1
961,34,29,0,0,1,0,497,1
962,87,107,0,18,0,4,483,1
963,33,61,0,0,0,0,468,1
964,38,33,0,2,0,0,332,1
965,19,36,0,4,0,0,454,1
966,4,17,0,0,0,0,440,1
967,13,32,0,0,0,0,326,1
968,46,66,2,1,1,1,441,1
969,18,10,0,2,0,0,327,1
970,14,7,0,1,0,0,333,1
971,54,107,0,4,2,0,455,1
972,4,12,0,0,4,0,469,1
973,6,2,0,2,0,0,482,1
974,59,66,0,6,0,1,496,1
975,45,63,2,4,1,1,125,1
976,2,3,0,1,1,0,643,1
977,4,11,0,1,0,0,657,1
978,12,60,2,3,0,1,131,1
979,68,112,0,8,1,0,119,1
980,25,44,0,5,0,0,858,1
981,50,118,1,12,0,1,18,1
982,41,66,1,5,0,1,680,1
983,5,12,0,2,0,0,694,1
984,12,38,0,4,1,0,864,1
985,16,17,0,5,0,3,24,1
986,9,16,1,2,0,0,870,1
987,16,24,0,1,0,1,30,1
988,9,24,0,0,0,0,737,1
989,78,190,0,12,4,1,723,1
990,30,50,0,5,1,1,938,1
991,12,1,0,1,0,0,910,1
992,17,28,0,4,0,0,904,1
993,12,17,0,0,0,0,535,1
994,27,28,0,2,0,0,253,1
995,3,5,0,0,0,1,247,1
996,3,0,0,0,0,0,521,1
997,18,15,0,0,0,3,509,1
998,29,13,0,1,0,1,290,1
999,29,25,0,0,0,0,284,1
