,STR_F25,STR_F26,STR_F27,STR_F28,STR_F29,number,label
0,1,1,55.0,0.0,122.5,289,0
1,0,1,18.0,0.0,92.0,504,0
2,1,1,53.0,0.0,117.5,262,0
3,0,1,20.0,0.0,80.0,276,0
4,1,10,14.3,0.0,276.5,510,0
5,1,1,57.0,0.0,133.0,538,0
6,0,1,13.0,0.0,40.0,909,0
7,2,3,26.333333333333332,0.0,96.66666666666667,921,0
8,2,2,24.5,0.0,63.333333333333336,935,0
9,0,7,8.285714285714286,0.0,209.0,706,0
10,0,1,12.0,0.0,39.0,712,0
11,0,2,23.0,0.0,155.0,29,0
12,1,1,50.0,0.0,101.5,869,0
13,1,2,52.5,0.0,219.0,15,0
14,2,7,13.428571428571429,0.0,125.33333333333333,855,0
15,0,1,18.0,0.0,59.0,699,0
16,0,1,28.0,0.0,111.0,841,0
17,0,1,48.0,0.0,189.0,114,0
18,0,5,20.4,0.0,445.0,672,0
19,0,1,25.0,0.0,91.0,666,0
20,1,2,58.0,0.0,238.0,100,0
21,0,1,32.0,0.0,139.0,128,0
22,0,8,9.75,0.0,281.0,896,0
23,6,3,23.666666666666668,0.14285714285714285,47.0,882,0
24,1,1,78.0,0.0,167.5,470,0
25,1,1,11.0,0.0,25.0,316,0
26,6,2,34.0,0.0,35.857142857142854,302,0
27,4,1,96.0,0.0,80.4,464,0
28,3,1,104.0,0.0,113.5,458,0
29,4,5,22.2,0.0,92.6,459,0
30,0,4,32.5,0.0,512.0,303,0
31,2,1,66.0,0.0,98.33333333333333,465,0
32,0,5,20.6,0.0,407.0,471,0
33,0,1,28.0,0.0,137.0,317,0
34,4,1,58.0,0.0,51.8,883,0
35,4,1,40.0,0.0,29.2,129,0
36,0,5,22.0,0.0,422.0,897,0
37,1,3,7.333333333333333,0.0,39.0,667,0
38,1,1,58.0,0.0,129.0,101,0
39,6,1,65.0,0.0,34.857142857142854,115,0
40,2,4,25.75,0.0,138.0,673,0
41,1,3,16.0,0.0,93.0,840,0
42,4,4,25.75,0.0,76.8,698,0
43,4,1,108.0,0.0,83.6,854,0
44,0,3,6.333333333333333,0.0,78.0,14,0
45,1,6,10.333333333333334,0.0,113.5,868,0
46,0,1,55.0,0.0,211.0,28,0
47,2,11,6.0,0.3333333333333333,105.5,713,0
48,7,1,60.0,0.0,32.25,707,0
49,2,1,56.0,0.0,74.66666666666667,934,0
50,1,1,150.0,0.0,306.5,920,0
51,1,5,12.0,0.0,128.0,908,0
52,1,6,9.166666666666666,0.0,120.0,539,0
53,2,3,45.0,0.0,182.66666666666666,277,0
54,1,5,26.6,0.0,271.0,511,0
55,0,2,14.0,0.0,127.0,505,0
56,0,2,10.5,0.0,74.0,263,0
57,1,3,24.666666666666668,0.0,185.5,288,0
58,1,1,75.0,0.0,169.0,513,0
59,0,1,5.0,0.0,8.0,275,0
60,0,5,22.2,0.0,472.0,261,0
61,0,3,12.666666666666666,0.0,146.0,507,0
62,1,9,12.0,0.0,219.5,249,0
63,12,18,17.055555555555557,0.23076923076923078,126.4,936,0
64,5,4,62.75,0.0,171.16666666666666,922,0
65,3,7,7.857142857142857,0.0,60.75,711,0
66,0,1,13.0,0.0,40.0,705,0
67,1,1,82.0,0.0,161.0,739,0
68,0,2,24.0,0.0,181.0,842,0
69,3,2,74.5,0.0,149.0,16,0
70,1,3,71.66666666666667,0.0,424.5,856,0
71,1,1,49.0,0.0,109.0,103,0
72,0,3,8.666666666666666,0.0,69.0,665,0
73,0,1,32.0,0.0,137.0,671,0
74,1,2,22.0,0.0,98.5,117,0
75,0,6,15.333333333333334,0.0,379.0,881,0
76,2,5,16.8,0.0,114.0,659,0
77,2,2,21.0,0.0,55.666666666666664,895,0
78,0,1,19.0,0.0,85.0,498,0
79,1,1,149.0,0.0,276.0,467,0
80,0,1,17.0,0.0,66.0,301,0
81,0,5,11.6,0.0,237.0,315,0
82,0,1,22.0,0.0,68.0,473,0
83,5,14,33.214285714285715,0.0,330.6666666666667,329,0
84,1,1,36.0,0.0,73.5,328,0
85,2,6,17.666666666666668,0.3333333333333333,204.0,314,0
86,4,5,20.6,0.0,89.0,472,0
87,2,1,26.0,0.0,41.666666666666664,466,0
88,0,1,55.0,0.0,224.0,300,0
89,0,3,17.666666666666668,0.0,191.0,499,0
90,0,6,9.333333333333334,0.0,211.0,894,0
91,1,3,31.666666666666668,0.0,193.0,658,0
92,2,1,39.0,0.0,56.666666666666664,880,0
93,0,19,10.31578947368421,0.0,744.0,670,0
94,0,5,21.4,0.0,450.0,116,0
95,1,3,22.666666666666668,0.0,132.0,102,0
96,0,7,10.0,0.0,277.0,664,0
97,0,3,4.666666666666667,0.0,50.0,857,0
98,1,1,135.0,0.0,319.0,17,0
99,1,3,16.666666666666668,0.0,99.5,843,0
100,1,3,47.0,0.0,293.0,738,0
101,0,1,48.0,0.0,206.0,704,0
102,0,12,11.833333333333334,0.0,509.0,710,0
103,4,3,73.33333333333333,0.0,176.6,923,0
104,1,1,64.0,0.0,140.5,937,0
105,1,3,16.0,0.0,98.0,248,0
106,4,16,9.625,0.0,122.2,260,0
107,0,1,59.0,0.0,242.0,506,0
108,0,5,10.4,0.0,195.0,512,0
109,1,1,8.0,0.0,26.5,274,0
110,0,6,23.666666666666668,0.0,502.0,258,0
111,0,1,19.0,0.0,88.0,270,0
112,1,5,19.0,0.0,188.0,516,0
113,5,3,17.0,0.16666666666666666,39.2,502,0
114,2,1,31.0,0.0,48.333333333333336,264,0
115,1,1,105.0,0.0,209.0,933,0
116,2,1,103.0,0.0,148.33333333333334,927,0
117,1,7,21.714285714285715,0.0,281.5,728,0
118,1,1,45.0,0.0,81.5,714,0
119,10,11,8.818181818181818,0.36363636363636365,56.0,700,0
120,6,1,62.0,0.0,26.285714285714285,847,0
121,0,8,8.125,0.0,264.0,13,0
122,1,1,76.0,0.0,157.5,853,0
123,0,7,13.428571428571429,0.0,398.0,884,0
124,16,23,25.565217391304348,0.0,137.1764705882353,890,0
125,0,1,7.0,0.0,15.0,648,0
126,0,6,21.833333333333332,0.0,497.0,660,0
127,0,5,12.0,0.0,246.0,106,0
128,0,1,45.0,0.0,186.0,112,0
129,11,11,10.545454545454545,0.0,38.833333333333336,674,0
130,2,1,42.0,0.0,47.0,489,0
131,0,1,115.0,0.0,521.0,338,0
132,0,3,17.666666666666668,0.0,220.0,304,0
133,5,1,66.0,0.0,40.666666666666664,462,0
134,1,2,20.0,0.0,70.0,476,0
135,0,2,26.0,0.0,160.0,310,0
136,2,1,27.0,0.0,38.666666666666664,477,0
137,0,1,61.0,0.0,225.0,311,0
138,1,7,16.428571428571427,0.0,228.0,305,0
139,5,13,16.307692307692307,0.0,143.5,463,0
140,0,9,20.11111111111111,0.0,672.0,339,0
141,1,1,20.0,0.0,42.0,488,0
142,0,1,57.0,0.0,231.0,113,0
143,1,9,15.666666666666666,0.0,295.0,675,0
144,2,2,26.0,0.0,58.666666666666664,661,0
145,9,4,21.5,0.1,38.77777777777778,107,0
146,0,1,4.0,0.0,12.0,649,0
147,0,1,71.0,0.0,304.0,891,0
148,10,1,482.0,0.2727272727272727,259.0,885,0
149,2,4,12.5,0.0,66.66666666666667,852,0
150,0,1,107.0,0.0,474.0,12,0
151,1,4,19.0,0.0,158.0,846,0
152,0,1,44.0,0.0,218.0,701,0
153,0,1,23.0,0.0,86.0,715,0
154,0,5,22.0,0.0,396.0,729,0
155,0,1,14.0,0.0,55.0,926,0
156,1,5,24.2,0.0,249.0,932,0
157,1,1,27.0,0.0,57.5,503,0
158,0,13,13.0,0.0,665.0,265,0
159,1,3,16.666666666666668,0.0,96.5,271,0
160,0,1,76.0,0.0,326.0,517,0
161,0,1,41.0,0.0,237.0,259,0
162,4,3,14.0,0.0,33.4,298,0
163,0,4,20.25,0.0,349.0,529,0
164,6,1,31.0,0.14285714285714285,20.833333333333332,267,0
165,0,3,8.666666666666666,0.0,133.0,501,0
166,1,2,14.5,0.0,68.5,515,0
167,0,1,6.0,0.0,29.0,273,0
168,0,1,19.0,0.0,53.0,924,0
169,3,1,30.0,0.0,26.75,930,0
170,6,6,19.0,0.0,70.42857142857143,918,0
171,0,5,11.2,0.0,199.0,703,0
172,0,1,77.0,0.0,304.0,717,0
173,1,2,74.0,0.0,298.0,688,0
174,0,6,11.166666666666666,0.0,283.0,10,0
175,0,2,13.0,0.0,79.0,850,0
176,7,23,15.782608695652174,0.0,168.875,844,0
177,4,3,28.333333333333332,0.0,76.2,38,0
178,19,2,184.5,0.05,78.47368421052632,878,0
179,0,4,24.5,0.0,446.0,893,0
180,1,13,11.384615384615385,0.0,300.0,139,0
181,2,4,19.75,0.3333333333333333,174.0,887,0
182,2,3,36.333333333333336,0.0,152.66666666666666,677,0
183,0,4,21.5,0.0,343.0,111,0
184,1,1,161.0,0.0,334.0,105,0
185,1,3,21.666666666666668,0.0,136.0,663,0
186,3,14,13.928571428571429,0.0,186.0,449,0
187,1,1,85.0,0.0,177.5,313,0
188,0,3,10.333333333333334,0.0,109.0,475,0
189,1,1,67.0,0.0,152.5,461,0
190,0,4,19.0,0.0,300.0,307,0
191,1,9,25.11111111111111,0.0,492.5,460,0
192,0,3,12.0,0.0,124.0,306,0
193,0,4,6.75,0.0,67.0,312,0
194,6,5,25.8,0.0,81.14285714285714,474,0
195,0,3,55.666666666666664,0.0,718.0,448,0
196,5,5,14.4,0.0,47.166666666666664,104,0
197,0,9,13.444444444444445,0.0,538.0,662,0
198,1,1,43.0,0.0,86.5,676,0
199,0,1,33.0,0.0,178.0,110,0
200,1,1,51.0,0.0,117.0,138,0
201,0,5,15.2,0.0,288.0,886,0
202,3,8,33.125,0.0,302.0,892,0
203,1,8,10.0,0.0,166.5,879,0
204,7,5,23.4,0.0,61.875,39,0
205,1,2,191.5,0.0,843.0,845,0
206,5,7,56.42857142857143,0.0,250.66666666666666,851,0
207,1,1,42.0,0.0,113.0,11,0
208,2,1,126.0,0.0,172.66666666666666,689,0
209,2,1,94.0,0.0,137.0,716,0
210,1,1,52.0,0.0,112.0,702,0
211,6,6,34.5,0.0,112.0,919,0
212,0,4,10.25,0.0,160.0,931,0
213,0,1,81.0,0.0,372.0,925,0
214,6,1,234.0,0.0,133.57142857142858,514,0
215,0,1,12.0,0.0,43.0,272,0
216,5,3,78.66666666666667,0.16666666666666666,191.4,266,0
217,0,1,20.0,0.0,63.0,500,0
218,0,1,11.0,0.0,42.0,528,0
219,0,4,24.0,0.0,375.0,299,0
220,3,5,21.6,0.0,122.5,598,0
221,0,1,29.0,0.0,106.0,201,0
222,0,1,32.0,0.0,114.0,567,0
223,0,3,11.333333333333334,0.0,132.0,573,0
224,0,1,18.0,0.0,72.0,215,0
225,1,2,34.5,0.0,140.0,229,0
226,2,2,42.0,0.0,124.0,942,0
227,2,11,16.363636363636363,0.0,239.33333333333334,956,0
228,0,3,15.0,0.0,187.0,765,0
229,3,5,12.8,0.25,80.33333333333333,771,0
230,0,1,59.0,0.0,197.0,759,0
231,1,5,13.2,0.0,131.0,981,0
232,2,2,8.5,0.0,26.333333333333332,995,0
233,0,2,18.0,0.0,154.0,76,0
234,5,8,19.125,0.0,103.0,836,0
235,1,4,9.25,0.0,76.5,188,0
236,1,1,38.0,0.0,93.5,62,0
237,2,4,21.75,0.0,116.66666666666667,822,0
238,1,7,6.571428571428571,0.0,109.5,89,0
239,0,4,17.5,0.0,272.0,611,0
240,0,2,32.0,0.0,287.0,177,0
241,0,8,19.375,0.0,612.0,163,0
242,0,1,110.0,0.0,450.0,605,0
243,0,1,8.0,0.0,22.0,639,0
244,9,9,17.11111111111111,0.0,62.0,375,0
245,0,1,42.0,0.0,163.0,413,0
246,0,10,11.5,0.0,447.0,407,0
247,9,9,22.77777777777778,0.1,101.33333333333333,361,0
248,11,11,38.0,0.0,137.75,349,0
249,2,4,13.75,0.0,80.66666666666667,348,0
250,4,5,26.6,0.0,102.4,406,0
251,4,11,27.0,0.0,252.2,360,0
252,0,9,7.777777777777778,0.0,260.0,374,0
253,13,2,66.0,0.0,39.714285714285715,412,0
254,2,6,12.5,0.0,96.33333333333333,638,0
255,0,9,13.777777777777779,0.0,543.0,162,0
256,2,10,17.5,0.0,240.0,604,0
257,0,1,38.0,0.0,156.0,610,0
258,1,1,86.0,0.0,180.5,88,0
259,0,3,19.666666666666668,0.0,258.0,176,0
260,4,9,14.333333333333334,0.0,98.6,823,0
261,1,1,108.0,0.0,247.5,63,0
262,1,2,6.0,0.0,25.0,837,0
263,0,8,14.375,0.0,456.0,77,0
264,0,8,14.125,0.0,445.0,189,0
265,0,4,16.75,0.0,276.0,994,0
266,1,4,19.5,0.0,166.0,980,0
267,0,1,34.0,0.0,153.0,758,0
268,2,5,12.2,0.3333333333333333,112.0,770,0
269,2,5,16.2,0.0,107.66666666666667,764,0
270,0,1,44.0,0.0,154.0,957,0
271,0,6,26.5,0.0,678.0,943,0
272,1,2,144.0,0.0,619.5,228,0
273,2,15,10.733333333333333,0.0,216.66666666666666,572,0
274,0,2,16.0,0.0,114.0,214,0
275,0,1,20.0,0.0,79.0,200,0
276,0,7,8.714285714285714,0.0,241.0,566,0
277,1,3,25.666666666666668,0.0,152.0,599,0
278,0,4,7.0,0.0,115.0,216,0
279,5,9,18.11111111111111,0.0,109.16666666666667,570,0
280,10,2,63.5,0.0,47.54545454545455,564,0
281,4,1,36.0,0.4,44.666666666666664,202,0
282,1,3,27.333333333333332,0.0,175.0,558,0
283,0,5,12.0,0.0,228.0,969,0
284,1,2,10.0,0.0,41.5,955,0
285,1,16,11.5,0.0,340.0,941,0
286,1,6,15.333333333333334,0.0,192.0,799,0
287,4,1,38.0,0.0,40.6,772,0
288,1,5,14.2,0.0,129.0,766,0
289,1,3,10.666666666666666,0.0,70.5,996,0
290,2,5,20.0,0.0,124.66666666666667,982,0
291,0,1,25.0,0.0,127.0,49,0
292,0,9,10.222222222222221,0.0,392.0,809,0
293,1,6,10.333333333333334,0.0,121.5,61,0
294,1,9,10.88888888888889,0.0,188.5,821,0
295,2,5,6.8,0.0,44.666666666666664,75,0
296,0,1,32.0,0.0,191.0,835,0
297,0,1,90.0,0.0,415.0,606,0
298,7,4,17.5,0.0,33.125,160,0
299,0,7,9.285714285714286,0.0,277.0,174,0
300,0,10,16.5,0.0,648.0,612,0
301,2,7,17.428571428571427,0.0,168.66666666666666,148,0
302,0,4,8.25,0.0,109.0,389,0
303,2,8,29.125,0.0,315.3333333333333,362,0
304,0,13,13.538461538461538,0.0,644.0,404,0
305,0,1,48.0,0.0,197.0,410,0
306,4,15,9.466666666666667,0.0,116.0,376,0
307,1,4,15.0,0.0,120.0,438,0
308,0,1,21.0,0.0,70.0,439,0
309,0,3,27.333333333333332,0.0,340.0,411,0
310,1,2,68.0,0.0,274.0,377,0
311,1,1,21.0,0.0,43.0,363,0
312,0,8,10.875,0.0,338.0,405,0
313,4,20,22.65,0.0,358.6,388,0
314,1,5,28.4,0.0,273.0,149,0
315,2,5,15.0,0.0,97.33333333333333,175,0
316,0,11,9.727272727272727,0.0,406.0,613,0
317,0,3,18.666666666666668,0.0,217.0,607,0
318,11,9,17.444444444444443,0.08333333333333333,58.18181818181818,161,0
319,0,1,12.0,0.0,38.0,834,0
320,6,12,12.916666666666666,0.0,86.71428571428571,74,0
321,1,2,66.0,0.0,274.0,820,0
322,0,1,16.0,0.0,56.0,60,0
323,1,4,11.5,0.0,85.0,808,0
324,1,3,22.333333333333332,0.0,129.0,48,0
325,9,2,171.5,0.0,152.8,983,0
326,3,11,10.0,0.0,110.25,997,0
327,1,1,68.0,0.0,146.5,767,0
328,0,7,10.714285714285714,0.0,282.0,773,0
329,1,7,21.285714285714285,0.0,299.0,798,0
330,1,2,42.0,0.0,172.0,940,0
331,0,2,9.5,0.0,75.0,954,0
332,0,1,52.0,0.0,229.0,968,0
333,0,7,8.714285714285714,0.0,255.0,559,0
334,9,15,14.466666666666667,0.0,80.9,565,0
335,0,1,35.0,0.0,129.0,203,0
336,2,2,57.0,0.0,159.66666666666666,217,0
337,0,2,24.5,0.0,193.0,571,0
338,7,1,108.0,0.0,53.5,549,0
339,5,4,34.25,0.0,88.0,575,0
340,1,1,26.0,0.0,43.5,213,0
341,0,2,23.0,0.0,185.0,207,0
342,1,2,16.5,0.0,67.5,561,0
343,2,1,26.0,0.0,36.666666666666664,950,0
344,1,1,132.0,0.0,300.5,788,0
345,0,12,10.0,0.0,490.0,944,0
346,4,5,15.2,0.0,63.6,978,0
347,17,59,29.11864406779661,0.1111111111111111,438.125,993,0
348,1,1,69.0,0.0,143.0,987,0
349,0,1,17.0,0.0,57.0,777,0
350,0,4,11.25,0.0,186.0,763,0
351,1,2,45.0,0.0,190.5,64,0
352,1,4,50.25,0.0,398.0,824,0
353,0,1,37.0,0.0,141.0,70,0
354,0,2,10.5,0.0,89.0,830,0
355,0,2,24.0,0.0,155.0,58,0
356,6,6,25.333333333333332,0.0,90.57142857142857,818,0
357,1,10,15.1,0.0,294.5,159,0
358,5,17,12.647058823529411,0.0,141.33333333333334,165,0
359,19,10,48.7,0.1,106.11111111111111,603,0
360,2,1,31.0,0.0,43.666666666666664,617,0
361,0,2,12.0,0.0,86.0,171,0
362,1,2,30.5,0.0,113.0,398,0
363,1,1,135.0,0.0,279.5,429,0
364,9,14,20.642857142857142,0.0,119.2,401,0
365,0,1,84.0,0.0,349.0,367,0
366,2,8,12.0,0.0,119.33333333333333,373,0
367,0,1,25.0,0.0,115.0,415,0
368,19,12,15.583333333333334,0.0,38.85,372,0
369,1,1,34.0,0.0,63.0,414,0
370,0,12,9.75,0.0,432.0,400,0
371,19,20,18.35,0.0,76.5,366,0
372,1,2,10.5,0.0,47.0,428,0
373,1,1,70.0,0.0,157.0,399,0
374,0,8,11.125,0.0,388.0,616,0
375,0,13,8.692307692307692,0.0,482.0,170,0
376,3,1,26.0,0.25,37.0,164,0
377,5,10,11.3,0.0,72.33333333333333,602,0
378,1,1,41.0,0.0,73.5,158,0
379,0,3,15.666666666666666,0.0,181.0,819,0
380,1,7,12.285714285714286,0.0,186.0,59,0
381,0,6,21.333333333333332,0.0,517.0,831,0
382,3,5,23.2,0.0,109.25,71,0
383,0,5,13.2,0.0,268.0,825,0
384,0,7,18.571428571428573,0.0,516.0,65,0
385,0,3,6.666666666666667,0.0,83.0,762,0
386,0,6,15.5,0.0,418.0,776,0
387,1,1,90.0,0.0,187.5,986,0
388,10,8,28.125,0.0,79.36363636363636,992,0
389,6,9,25.0,0.0,123.71428571428571,979,0
390,0,6,28.5,0.0,729.0,945,0
391,0,1,100.0,0.0,344.0,789,0
392,0,10,14.8,0.0,634.0,951,0
393,0,3,15.666666666666666,0.0,177.0,206,0
394,4,5,65.6,0.0,296.4,560,0
395,0,13,20.23076923076923,0.0,1009.0,574,0
396,1,1,35.0,0.0,66.0,212,0
397,0,10,13.5,0.0,546.0,548,0
398,1,3,14.0,0.0,82.5,589,0
399,1,3,24.666666666666668,0.0,143.5,238,0
400,3,1,26.0,0.25,37.0,562,0
401,2,1,46.0,0.3333333333333333,81.0,204,0
402,3,5,46.2,0.0,237.75,210,0
403,1,1,20.0,0.0,44.5,576,0
404,1,11,16.272727272727273,0.0,326.5,947,0
405,6,1,66.0,0.0,44.142857142857146,953,0
406,1,8,27.5,0.0,458.5,984,0
407,1,3,51.333333333333336,0.0,289.0,748,0
408,1,12,18.916666666666668,0.0,466.0,990,0
409,0,2,18.5,0.0,140.0,760,0
410,2,6,52.333333333333336,0.0,438.0,774,0
411,1,1,228.0,0.0,472.0,73,0
412,0,1,9.0,0.0,29.0,833,0
413,0,1,102.0,0.0,394.0,67,0
414,0,3,9.666666666666666,0.0,124.0,827,0
415,2,7,9.428571428571429,0.3333333333333333,141.5,199,0
416,27,23,21.08695652173913,0.0,73.92857142857143,9,0
417,8,1,141.0,0.0,63.111111111111114,628,0
418,11,32,13.3125,0.0,150.83333333333334,172,0
419,2,10,24.6,0.3333333333333333,509.0,614,0
420,0,8,11.125,0.0,395.0,600,0
421,0,3,10.0,0.0,124.0,98,0
422,0,5,7.8,0.0,162.0,166,0
423,1,8,10.125,0.0,175.5,358,0
424,0,1,26.0,0.0,122.0,416,0
425,26,31,31.548387096774192,0.0,151.59259259259258,370,0
426,2,4,40.5,0.0,214.33333333333334,364,0
427,1,1,76.0,0.0,156.0,402,0
428,1,3,33.333333333333336,0.0,189.0,365,0
429,2,19,16.157894736842106,0.0,386.6666666666667,403,0
430,0,6,11.333333333333334,0.0,249.0,417,0
431,0,4,15.5,0.0,230.0,371,0
432,1,1,83.0,0.0,183.5,359,0
433,1,1,15.0,0.0,31.5,99,0
434,3,11,21.454545454545453,0.0,251.0,601,0
435,0,4,29.25,0.0,470.0,167,0
436,0,6,8.666666666666666,0.0,184.0,173,0
437,3,5,15.0,0.25,105.33333333333333,615,0
438,0,1,44.0,0.0,168.0,629,0
439,9,11,28.545454545454547,0.0,132.0,8,0
440,1,9,21.22222222222222,0.0,367.0,826,0
441,2,4,26.25,0.0,145.33333333333334,66,0
442,0,4,11.5,0.0,183.0,198,0
443,0,1,74.0,0.0,328.0,832,0
444,1,3,15.666666666666666,0.0,95.5,72,0
445,1,6,13.666666666666666,0.0,165.5,775,0
446,0,7,6.428571428571429,0.0,179.0,761,0
447,3,16,11.0,0.0,186.5,991,0
448,2,6,15.666666666666666,0.0,122.66666666666667,749,0
449,1,1,48.0,0.0,100.0,985,0
450,8,1,84.0,0.1111111111111111,44.875,952,0
451,2,20,15.7,0.0,448.0,946,0
452,2,1,19.0,0.0,22.0,211,0
453,9,2,354.5,0.1,326.6666666666667,577,0
454,0,1,96.0,0.0,393.0,563,0
455,0,3,15.0,0.0,178.0,205,0
456,3,9,42.333333333333336,0.0,391.0,239,0
457,2,5,19.2,0.0,135.33333333333334,588,0
458,5,9,11.222222222222221,0.0,65.5,585,0
459,2,4,15.0,0.0,74.33333333333333,591,0
460,0,1,25.0,0.0,87.0,220,0
461,0,12,8.583333333333334,0.0,429.0,546,0
462,0,4,23.0,0.0,364.0,552,0
463,4,7,10.857142857142858,0.0,63.6,234,0
464,2,4,20.5,0.0,97.66666666666667,208,0
465,1,1,53.0,0.0,112.5,787,0
466,0,3,16.0,0.0,164.0,793,0
467,2,1,37.0,0.0,50.666666666666664,963,0
468,1,1,117.0,0.0,239.5,977,0
469,6,2,34.5,0.14285714285714285,48.5,744,0
470,0,1,72.0,0.0,291.0,750,0
471,1,1,81.0,0.0,160.5,988,0
472,1,12,22.166666666666668,0.0,510.0,778,0
473,4,12,21.416666666666668,0.0,202.8,195,0
474,1,2,20.5,0.0,65.0,181,0
475,3,3,13.666666666666666,0.25,49.333333333333336,57,0
476,0,3,27.0,0.0,307.0,817,0
477,0,1,57.0,0.0,248.0,5,0
478,0,8,13.875,0.0,417.0,43,0
479,1,1,83.0,0.0,161.0,803,0
480,0,2,22.0,0.0,161.0,630,0
481,0,5,32.6,0.0,618.0,156,0
482,1,9,18.444444444444443,0.0,323.0,142,0
483,0,5,14.2,0.0,258.0,624,0
484,0,5,25.8,0.0,526.0,94,0
485,0,11,21.818181818181817,0.0,951.0,80,0
486,0,1,159.0,0.0,652.0,618,0
487,1,5,28.4,0.0,261.5,397,0
488,0,7,6.285714285714286,0.0,177.0,383,0
489,0,15,17.066666666666666,0.0,910.0,354,0
490,0,1,14.0,0.0,43.0,432,0
491,0,1,29.0,0.0,123.0,426,0
492,16,2,132.0,0.058823529411764705,75.0625,340,0
493,0,10,27.3,0.0,1156.0,368,0
494,0,4,51.25,0.0,826.0,369,0
495,1,2,7.0,0.0,20.5,427,0
496,2,7,9.714285714285714,0.0,100.33333333333333,341,0
497,0,2,40.0,0.0,321.0,355,0
498,0,1,8.0,0.0,28.0,433,0
499,1,1,15.0,0.0,27.5,382,0
500,8,7,32.142857142857146,0.0,103.66666666666667,396,0
501,7,1,82.0,0.0,47.25,619,0
502,0,1,90.0,0.0,377.0,81,0
503,2,3,43.333333333333336,0.0,181.66666666666666,95,0
504,2,3,25.333333333333332,0.0,99.66666666666667,143,0
505,4,6,29.5,0.0,157.8,625,0
506,5,16,15.875,0.16666666666666666,185.4,631,0
507,1,8,12.25,0.0,199.0,157,0
508,9,10,17.8,0.0,71.4,802,0
509,1,10,10.4,0.0,190.5,42,0
510,2,6,17.833333333333332,0.3333333333333333,207.0,816,0
511,0,4,21.75,0.0,339.0,56,0
512,7,3,34.0,0.0,54.625,4,0
513,0,1,25.0,0.0,134.0,180,0
514,1,1,68.0,0.0,138.5,194,0
515,0,2,29.0,0.0,248.0,779,0
516,2,13,13.538461538461538,0.0,244.0,989,0
517,0,5,10.0,0.0,176.0,751,0
518,1,1,368.0,0.0,754.0,745,0
519,2,16,13.875,0.0,298.6666666666667,976,0
520,1,5,13.0,0.0,119.5,962,0
521,0,1,21.0,0.0,75.0,792,0
522,0,3,26.333333333333332,0.0,304.0,786,0
523,0,2,13.0,0.0,105.0,209,0
524,1,1,53.0,0.0,125.0,553,0
525,0,1,22.0,0.0,87.0,235,0
526,1,7,12.714285714285714,0.0,184.0,221,0
527,0,1,125.0,0.0,551.0,547,0
528,1,1,93.0,0.0,190.0,590,0
529,4,3,43.333333333333336,0.0,121.0,584,0
530,1,1,128.0,0.0,278.0,592,0
531,1,5,9.2,0.0,82.5,586,0
532,4,8,16.75,0.0,111.4,237,0
533,1,3,25.333333333333332,0.0,159.0,551,0
534,8,1,296.0,0.0,126.55555555555556,545,0
535,1,1,72.0,0.0,174.5,223,0
536,0,3,7.0,0.0,59.0,579,0
537,12,17,25.823529411764707,0.0,135.23076923076923,948,0
538,0,1,60.0,0.0,239.0,790,0
539,0,1,53.0,0.0,223.0,784,0
540,2,15,12.0,0.0,268.3333333333333,974,0
541,0,5,13.4,0.0,265.0,960,0
542,0,2,23.5,0.0,201.0,753,0
543,0,1,19.0,0.0,63.0,747,0
544,1,2,47.5,0.0,196.0,182,0
545,0,1,19.0,0.0,80.0,196,0
546,4,7,20.571428571428573,0.0,120.6,68,0
547,0,4,19.5,0.0,305.0,828,0
548,1,9,12.0,0.0,248.0,40,0
549,4,17,28.294117647058822,0.0,394.0,800,0
550,5,4,31.0,0.0,87.5,6,0
551,2,5,29.4,0.0,183.33333333333334,54,0
552,1,1,77.0,0.0,161.5,814,0
553,11,1,304.0,0.0,102.75,627,0
554,1,4,19.25,0.0,148.5,141,0
555,0,5,14.0,0.0,279.0,155,0
556,0,1,9.0,0.0,39.0,633,0
557,9,6,37.333333333333336,0.1,95.88888888888889,83,0
558,2,7,9.142857142857142,0.3333333333333333,128.5,169,0
559,0,2,11.0,0.0,69.0,97,0
560,4,8,21.5,0.2,164.75,380,0
561,1,3,24.666666666666668,0.0,153.0,394,0
562,0,2,47.5,0.0,395.0,343,0
563,3,3,31.333333333333332,0.0,96.25,425,0
564,0,1,39.0,0.0,169.0,431,0
565,1,2,55.5,0.0,216.0,357,0
566,3,2,27.5,0.0,58.75,419,0
567,4,3,45.333333333333336,0.0,110.4,418,0
568,3,5,11.6,0.0,57.25,430,0
569,35,20,40.65,0.4444444444444444,158.9,356,0
570,0,1,18.0,0.0,50.0,342,0
571,5,3,32.333333333333336,0.0,67.83333333333333,424,0
572,0,1,118.0,0.0,603.0,395,0
573,3,1,27.0,0.0,32.0,381,0
574,0,1,59.0,0.0,222.0,168,0
575,4,1,109.0,0.0,90.2,96,0
576,1,2,26.0,0.0,98.5,82,0
577,15,12,9.75,0.0,28.25,154,0
578,9,2,128.0,0.0,102.0,632,0
579,4,11,11.545454545454545,0.0,98.2,626,0
580,6,4,24.5,0.0,57.57142857142857,140,0
581,0,1,44.0,0.0,168.0,7,0
582,4,1,51.0,0.0,43.0,815,0
583,1,1,42.0,0.0,84.0,55,0
584,1,3,14.333333333333334,0.0,84.0,801,0
585,1,1,52.0,0.0,122.0,41,0
586,0,6,17.833333333333332,0.0,434.0,197,0
587,5,1,135.0,0.0,99.66666666666667,829,0
588,0,1,85.0,0.0,359.0,69,0
589,0,1,30.0,0.0,146.0,183,0
590,6,10,52.9,0.0,309.85714285714283,746,0
591,0,4,29.5,0.0,435.0,752,0
592,0,1,40.0,0.0,187.0,961,0
593,1,1,110.0,0.0,234.5,975,0
594,6,1,286.0,0.0,175.42857142857142,785,0
595,1,4,9.0,0.0,66.0,791,0
596,2,6,20.5,0.0,151.66666666666666,949,0
597,0,1,27.0,0.0,78.0,578,0
598,6,6,12.166666666666666,0.0,40.142857142857146,544,0
599,1,1,110.0,0.0,247.5,222,0
600,0,3,23.0,0.0,305.0,236,0
601,2,1,96.0,0.0,135.33333333333334,550,0
602,1,4,15.0,0.0,146.5,587,0
603,1,4,22.75,0.0,190.0,593,0
604,1,4,11.75,0.0,75.0,597,0
605,2,3,30.333333333333332,0.0,122.66666666666667,583,0
606,1,8,8.625,0.0,136.0,568,0
607,8,1,97.0,0.0,39.0,554,0
608,3,10,34.2,0.25,470.3333333333333,232,0
609,1,6,48.0,0.0,572.0,226,0
610,2,8,18.25,0.0,193.66666666666666,540,0
611,0,1,19.0,0.0,89.0,971,0
612,9,4,16.5,0.0,24.8,965,0
613,0,2,34.5,0.0,268.0,795,0
614,0,1,46.0,0.0,203.0,959,0
615,0,1,11.0,0.0,65.0,781,0
616,0,7,16.571428571428573,0.0,468.0,756,0
617,0,11,16.727272727272727,0.0,621.0,742,0
618,0,12,14.083333333333334,0.0,690.0,45,0
619,2,8,13.875,0.0,166.0,805,0
620,6,13,10.076923076923077,0.14285714285714285,75.83333333333333,51,0
621,0,6,14.0,0.0,382.0,811,0
622,1,1,82.0,0.0,166.0,3,0
623,0,2,8.0,0.0,68.0,187,0
624,1,7,14.0,0.0,191.5,79,0
625,7,9,20.11111111111111,0.0,99.125,839,0
626,3,6,14.166666666666666,0.0,85.0,193,0
627,0,6,10.666666666666666,0.0,237.0,178,0
628,1,7,7.285714285714286,0.0,104.0,86,0
629,1,3,15.333333333333334,0.0,83.5,92,0
630,7,9,15.777777777777779,0.0,77.0,144,0
631,13,1,235.0,0.0,71.64285714285714,622,0
632,1,4,12.75,0.0,113.5,636,0
633,4,8,14.625,0.0,100.6,150,0
634,2,6,13.0,0.0,102.33333333333333,385,0
635,0,9,23.77777777777778,0.0,915.0,391,0
636,0,1,30.0,0.0,92.0,408,0
637,1,1,29.0,0.0,53.5,420,0
638,4,15,16.933333333333334,0.0,209.6,346,0
639,6,22,18.636363636363637,0.0,225.85714285714286,352,0
640,0,1,8.0,0.0,32.0,434,0
641,2,25,12.8,0.0,416.6666666666667,353,0
642,1,1,57.0,0.0,125.5,435,0
643,0,1,45.0,0.0,166.0,421,0
644,0,1,70.0,0.0,262.0,347,0
645,0,1,6.0,0.0,25.0,409,0
646,2,4,15.5,0.0,80.66666666666667,390,0
647,1,5,12.6,0.0,118.0,384,0
648,0,1,31.0,0.0,146.0,637,0
649,6,6,17.5,0.0,61.0,151,0
650,7,10,18.6,0.125,94.71428571428571,145,0
651,1,8,14.5,0.0,213.5,623,0
652,0,7,24.714285714285715,0.0,743.0,93,0
653,0,6,7.666666666666667,0.0,166.0,179,0
654,1,4,16.25,0.0,122.0,87,0
655,0,2,18.0,0.0,161.0,192,0
656,1,6,15.5,0.0,201.5,186,0
657,0,2,85.0,0.0,715.0,838,0
658,0,5,30.4,0.0,580.0,78,0
659,1,10,16.7,0.0,333.5,810,0
660,0,1,106.0,0.0,469.0,50,0
661,1,1,51.0,0.0,120.5,2,0
662,1,1,47.0,0.0,99.5,804,0
663,1,1,68.0,0.0,137.0,44,0
664,1,5,21.8,0.0,191.5,743,0
665,0,1,44.0,0.0,181.0,757,0
666,1,3,35.0,0.0,196.5,780,0
667,3,1,62.0,0.0,86.0,958,0
668,1,5,7.0,0.0,68.5,794,0
669,0,5,14.0,0.0,284.0,964,0
670,0,2,16.0,0.0,130.0,970,0
671,4,4,49.25,0.2,200.75,227,0
672,1,3,117.0,0.0,777.5,541,0
673,1,5,10.4,0.0,104.5,555,0
674,0,4,29.0,0.0,476.0,233,0
675,0,4,10.0,0.0,134.0,569,0
676,1,7,15.857142857142858,0.0,240.0,582,0
677,8,12,15.5,0.2222222222222222,112.57142857142857,596,0
678,0,1,12.0,0.0,29.0,580,0
679,14,7,21.857142857142858,0.06666666666666667,52.142857142857146,594,0
680,1,1,25.0,0.0,49.0,1000,0
681,1,1,26.0,0.0,46.0,219,0
682,0,4,13.5,0.0,226.0,543,0
683,12,29,26.482758620689655,0.0,230.07692307692307,225,0
684,2,2,114.0,0.0,331.3333333333333,231,0
685,0,5,21.8,0.0,431.0,557,0
686,0,1,75.0,0.0,293.0,966,0
687,0,1,73.0,0.0,288.0,972,0
688,1,8,18.5,0.0,285.0,782,0
689,0,4,24.0,0.0,427.0,796,0
690,2,4,21.25,0.0,111.33333333333333,769,0
691,1,1,66.0,0.0,147.5,741,0
692,10,19,17.94736842105263,0.0,117.81818181818181,999,0
693,3,2,23.5,0.0,46.25,755,0
694,0,3,30.0,0.0,328.0,52,0
695,0,1,26.0,0.0,130.0,812,0
696,3,3,15.333333333333334,0.0,46.5,46,0
697,5,1,114.0,0.0,81.83333333333333,806,0
698,1,3,19.333333333333332,0.0,109.0,190,0
699,0,1,16.0,0.0,76.0,184,0
700,6,12,19.666666666666668,0.0,123.0,609,0
701,1,2,17.5,0.0,63.0,91,0
702,9,7,21.714285714285715,0.0,61.4,85,0
703,0,2,26.5,0.0,217.0,153,0
704,2,3,16.666666666666668,0.0,69.33333333333333,635,0
705,4,3,15.333333333333334,0.0,38.0,621,0
706,2,1,40.0,0.0,51.333333333333336,147,0
707,8,10,48.6,0.0,202.44444444444446,392,0
708,1,7,18.285714285714285,0.0,238.5,386,0
709,10,1,111.0,0.0,45.81818181818182,379,0
710,2,7,13.285714285714286,0.0,120.0,437,0
711,0,1,45.0,0.0,148.0,351,0
712,1,8,8.625,0.0,141.5,345,0
713,0,2,12.5,0.0,107.0,423,0
714,1,3,23.333333333333332,0.0,135.0,344,0
715,0,3,30.333333333333332,0.0,373.0,422,0
716,1,1,69.0,0.0,123.0,436,0
717,0,8,14.25,0.0,429.0,350,0
718,12,2,65.5,0.0,47.0,378,0
719,1,1,213.0,0.0,644.5,387,0
720,0,1,126.0,0.0,504.0,393,0
721,0,1,28.0,0.0,124.0,620,0
722,1,8,13.125,0.0,205.0,146,0
723,16,19,31.157894736842106,0.0,136.88235294117646,152,0
724,2,2,15.0,0.0,38.0,634,0
725,0,3,19.666666666666668,0.0,246.0,84,0
726,7,3,27.333333333333332,0.0,39.0,90,0
727,3,5,10.0,0.0,51.25,608,0
728,1,7,16.857142857142858,0.0,222.5,185,0
729,2,5,9.2,0.0,55.0,191,0
730,9,1,82.0,0.0,34.6,807,0
731,1,3,21.666666666666668,0.0,118.5,47,0
732,1,2,45.5,0.0,217.5,1,0
733,1,8,19.375,0.0,304.0,813,0
734,0,1,52.0,0.0,208.0,53,0
735,1,6,24.0,0.0,284.0,754,0
736,4,6,17.333333333333332,0.0,82.4,998,0
737,1,6,28.5,0.0,372.5,740,0
738,1,3,10.0,0.0,61.5,768,0
739,3,3,20.666666666666668,0.0,59.0,797,0
740,0,1,212.0,0.0,887.0,783,0
741,0,8,6.625,0.0,196.0,973,0
742,1,7,12.285714285714286,0.0,173.5,967,0
743,6,1,145.0,0.0,105.57142857142857,230,0
744,5,5,20.0,0.16666666666666666,74.8,556,0
745,2,7,16.142857142857142,0.0,160.66666666666666,542,0
746,1,4,43.75,0.0,339.0,224,0
747,5,1,94.0,0.0,62.833333333333336,218,0
748,6,3,33.333333333333336,0.0,61.0,595,0
749,0,1,14.0,0.0,49.0,581,0
750,1,6,10.333333333333334,0.0,111.5,280,0
751,1,1,19.0,0.0,45.0,294,0
752,0,4,20.25,0.0,357.0,525,0
753,0,1,28.0,0.0,140.0,243,0
754,0,2,20.0,0.0,181.0,257,0
755,0,4,8.25,0.0,116.0,531,0
756,7,7,14.142857142857142,0.0,49.75,519,0
757,0,1,19.0,0.0,54.0,928,0
758,3,1,69.0,0.0,71.0,900,0
759,0,5,16.4,0.0,331.0,914,0
760,0,2,15.0,0.0,138.0,727,0
761,1,1,68.0,0.0,156.0,733,0
762,0,1,28.0,0.0,125.0,690,0
763,5,7,15.428571428571429,0.0,68.5,848,0
764,0,1,135.0,0.0,528.0,684,0
765,11,3,26.333333333333332,0.25,37.0,34,0
766,1,5,5.6,0.0,50.0,874,0
767,0,1,137.0,0.0,660.0,20,0
768,1,1,50.0,0.0,97.5,860,0
769,2,3,48.333333333333336,0.0,197.0,135,0
770,6,4,32.0,0.0,86.57142857142857,653,0
771,0,1,30.0,0.0,119.0,647,0
772,0,7,8.285714285714286,0.0,204.0,121,0
773,23,12,13.833333333333334,0.20833333333333334,37.0,109,0
774,0,1,92.0,0.0,392.0,492,0
775,0,12,16.833333333333332,0.0,816.0,486,0
776,1,1,38.0,0.0,71.0,451,0
777,0,9,12.88888888888889,0.0,438.0,337,0
778,1,9,29.444444444444443,0.0,623.5,323,0
779,0,5,9.8,0.0,186.0,445,0
780,0,3,27.0,0.0,358.0,479,0
781,1,4,29.5,0.0,267.5,478,0
782,1,6,40.166666666666664,0.0,510.0,322,0
783,0,3,13.333333333333334,0.0,158.0,444,0
784,4,2,40.0,0.0,61.4,450,0
785,0,2,6.5,0.0,53.0,336,0
786,1,4,13.0,0.0,101.0,487,0
787,3,1,78.0,0.0,74.5,493,0
788,0,5,8.2,0.0,157.0,108,0
789,0,3,13.666666666666666,0.0,156.0,646,0
790,1,2,14.5,0.0,45.5,120,0
791,1,2,16.5,0.0,65.0,134,0
792,1,4,21.5,0.0,164.0,652,0
793,0,1,49.0,0.0,209.0,861,0
794,0,1,106.0,0.0,451.0,21,0
795,11,1,482.0,0.25,230.44444444444446,875,0
796,2,2,33.0,0.0,98.33333333333333,35,0
797,7,2,25.5,0.25,31.0,685,0
798,1,3,25.0,0.0,152.5,849,0
799,1,3,18.0,0.0,114.5,691,0
800,0,1,23.0,0.0,93.0,732,0
801,1,5,17.0,0.0,176.5,726,0
802,0,4,11.5,0.0,189.0,915,0
803,3,1,39.0,0.25,50.333333333333336,901,0
804,1,5,10.0,0.0,96.0,929,0
805,4,1,86.0,0.0,77.0,518,0
806,0,5,5.6,0.0,110.0,256,0
807,0,5,21.6,0.0,419.0,530,0
808,7,3,43.0,0.0,70.125,524,0
809,0,8,19.625,0.0,580.0,242,0
810,1,5,19.8,0.0,177.0,295,0
811,1,2,25.5,0.0,92.0,281,0
812,2,1,74.0,0.0,95.66666666666667,297,0
813,1,4,31.0,0.0,240.0,283,0
814,1,1,51.0,0.0,102.5,532,0
815,0,1,144.0,0.0,572.0,254,0
816,17,13,20.153846153846153,0.1111111111111111,68.125,240,0
817,0,4,16.0,0.0,258.0,526,0
818,1,2,22.0,0.0,80.0,268,0
819,0,2,12.0,0.0,70.0,917,0
820,0,1,67.0,0.0,272.0,903,0
821,4,4,15.0,0.0,41.0,730,0
822,2,1,15.0,0.0,22.333333333333332,724,0
823,0,3,17.333333333333332,0.0,192.0,718,0
824,13,9,19.22222222222222,0.14285714285714285,51.75,687,0
825,0,2,27.5,0.0,219.0,693,0
826,1,1,16.0,0.0,37.5,23,0
827,0,13,10.846153846153847,0.0,550.0,863,0
828,6,8,20.0,0.0,93.42857142857143,37,0
829,1,10,19.8,0.0,422.5,877,0
830,2,3,33.0,0.0,142.66666666666666,122,0
831,1,2,23.5,0.0,95.5,644,0
832,0,10,12.7,0.0,565.0,888,0
833,0,1,33.0,0.0,118.0,650,0
834,2,21,10.047619047619047,0.0,267.0,136,0
835,1,1,55.0,0.0,119.5,678,0
836,1,7,14.571428571428571,0.0,223.0,485,0
837,8,3,33.666666666666664,0.0,48.0,491,0
838,0,8,7.0,0.0,210.0,446,0
839,0,1,17.0,0.0,62.0,320,0
840,11,7,18.571428571428573,0.0,39.833333333333336,334,0
841,0,1,27.0,0.0,113.0,452,0
842,2,2,45.0,0.0,132.33333333333334,308,0
843,2,1,9.0,0.0,13.666666666666666,309,0
844,13,1,276.0,0.0,74.71428571428571,335,0
845,0,2,23.5,0.0,183.0,453,0
846,0,2,17.5,0.0,152.0,447,0
847,2,8,11.5,0.0,137.66666666666666,321,0
848,1,1,26.0,0.0,50.0,490,0
849,1,3,23.666666666666668,0.0,131.5,484,0
850,9,32,12.34375,0.3,232.14285714285714,679,0
851,1,3,25.666666666666668,0.0,150.5,651,0
852,15,14,10.357142857142858,0.125,39.642857142857146,889,0
853,1,6,23.333333333333332,0.0,272.5,137,0
854,0,14,11.357142857142858,0.0,584.0,123,0
855,0,8,7.625,0.0,226.0,645,0
856,2,11,11.272727272727273,0.0,154.0,876,0
857,1,1,44.0,0.0,88.0,36,0
858,3,8,11.375,0.0,82.0,862,0
859,0,1,23.0,0.0,106.0,22,0
860,3,1,26.0,0.25,37.0,692,0
861,0,1,89.0,0.0,348.0,686,0
862,2,1,117.0,0.0,157.66666666666666,719,0
863,3,7,21.285714285714285,0.0,161.75,725,0
864,0,6,17.0,0.0,440.0,731,0
865,0,7,14.142857142857142,0.0,377.0,902,0
866,0,1,6.0,0.0,23.0,916,0
867,1,1,16.0,0.0,30.5,269,0
868,1,5,13.4,0.0,132.0,241,0
869,0,1,126.0,0.0,528.0,527,0
870,1,1,221.0,0.0,455.0,533,0
871,4,1,67.0,0.0,55.8,255,0
872,9,9,28.666666666666668,0.0,103.4,282,0
873,0,6,20.0,0.0,421.0,296,0
874,1,7,4.571428571428571,0.0,57.5,292,0
875,0,2,40.5,0.0,308.0,286,0
876,3,4,27.75,0.25,141.33333333333334,279,0
877,19,1,66.0,0.45,27.727272727272727,251,0
878,1,3,16.333333333333332,0.0,88.0,537,0
879,3,1,114.0,0.0,111.75,523,0
880,3,1,38.0,0.0,34.5,245,0
881,2,11,9.545454545454545,0.0,128.0,912,0
882,1,13,14.538461538461538,0.0,370.5,906,0
883,0,6,10.666666666666666,0.0,220.0,709,0
884,1,8,19.5,0.0,316.0,735,0
885,8,2,29.5,0.0,26.0,721,0
886,0,1,79.0,0.0,329.0,26,0
887,1,1,121.0,0.0,251.0,866,0
888,0,1,26.0,0.0,112.0,32,0
889,1,2,39.5,0.0,146.5,872,0
890,0,17,13.235294117647058,0.0,942.0,682,0
891,0,6,18.0,0.0,431.0,696,0
892,0,3,25.666666666666668,0.0,288.0,669,0
893,1,1,31.0,0.0,62.0,899,0
894,0,2,18.5,0.0,166.0,641,0
895,0,1,91.0,0.0,372.0,127,0
896,3,15,18.466666666666665,0.0,272.75,133,0
897,1,2,15.0,0.0,60.5,655,0
898,0,7,34.57142857142857,0.0,1019.0,480,0
899,5,5,37.6,0.0,138.16666666666666,494,0
900,0,3,9.0,0.0,111.0,319,0
901,1,2,67.5,0.0,288.5,325,0
902,0,1,37.0,0.0,159.0,443,0
903,10,9,17.333333333333332,0.0,59.81818181818182,457,0
904,0,1,111.0,0.0,457.0,331,0
905,3,14,16.428571428571427,0.25,304.0,456,0
906,8,11,16.818181818181817,0.0,84.0,330,0
907,3,7,18.571428571428573,0.0,142.5,324,0
908,0,4,22.0,0.0,352.0,442,0
909,1,1,39.0,0.0,78.0,318,0
910,3,5,20.6,0.0,108.0,495,0
911,0,3,25.333333333333332,0.0,348.0,481,0
912,0,1,5.0,0.0,20.0,132,0
913,7,8,23.375,0.125,104.0,654,0
914,0,1,12.0,0.0,43.0,640,0
915,12,19,15.894736842105264,0.0,94.07692307692308,898,0
916,0,1,7.0,0.0,29.0,126,0
917,0,1,16.0,0.0,63.0,668,0
918,0,5,7.2,0.0,125.0,697,0
919,1,1,37.0,0.0,75.0,683,0
920,8,11,15.818181818181818,0.1111111111111111,91.25,873,0
921,1,2,23.0,0.0,124.0,33,0
922,1,2,19.0,0.0,81.5,867,0
923,0,1,27.0,0.0,112.0,27,0
924,0,1,37.0,0.0,168.0,720,0
925,1,8,11.5,0.0,181.5,734,0
926,0,2,26.0,0.0,195.0,708,0
927,0,1,39.0,0.0,137.0,907,0
928,0,2,17.5,0.0,198.0,913,0
929,1,1,98.0,0.0,198.5,522,0
930,4,8,14.0,0.0,95.4,244,0
931,0,6,8.5,0.0,220.0,250,0
932,1,7,19.285714285714285,0.0,254.5,536,0
933,2,1,23.0,0.3333333333333333,51.5,278,0
934,5,5,37.2,0.0,127.5,287,0
935,0,4,18.25,0.0,280.0,293,0
936,3,4,36.75,0.0,152.75,285,0
937,0,9,15.0,0.0,576.0,291,0
938,0,5,8.2,0.0,176.0,508,0
939,0,1,18.0,0.0,80.0,246,0
940,1,7,11.571428571428571,0.0,177.0,520,0
941,5,10,19.3,0.0,133.5,534,0
942,2,13,28.23076923076923,0.0,476.0,252,0
943,0,4,18.25,0.0,296.0,905,0
944,1,7,11.428571428571429,0.0,164.0,911,0
945,0,1,110.0,0.0,491.0,939,0
946,0,1,31.0,0.0,118.0,722,0
947,8,1,78.0,0.3333333333333333,57.166666666666664,736,0
948,2,2,16.5,0.0,47.666666666666664,31,0
949,1,15,11.266666666666667,0.0,367.5,871,0
950,1,1,45.0,0.0,91.5,25,0
951,0,3,14.0,0.0,168.0,865,0
952,0,5,14.0,0.0,279.0,695,0
953,1,2,28.5,0.0,115.5,681,0
954,0,1,75.0,0.0,341.0,19,0
955,0,7,8.714285714285714,0.0,264.0,859,0
956,0,1,46.0,0.0,185.0,118,0
957,1,3,33.333333333333336,0.0,201.0,656,0
958,0,3,14.0,0.0,152.0,130,0
959,0,1,32.0,0.0,124.0,124,0
960,0,4,14.0,0.0,218.0,642,0
961,1,1,72.0,0.0,163.5,497,0
962,1,3,12.666666666666666,0.0,65.5,483,0
963,0,1,12.0,0.0,51.0,468,0
964,8,12,16.166666666666668,0.0,92.55555555555556,332,0
965,1,5,13.4,0.0,138.5,454,0
966,0,1,33.0,0.0,154.0,440,0
967,3,4,28.5,0.0,103.0,326,0
968,0,1,67.0,0.0,269.0,441,0
969,1,1,32.0,0.0,60.5,327,0
970,0,1,115.0,0.0,432.0,333,0
971,1,1,74.0,0.0,161.0,455,0
972,11,7,19.142857142857142,0.08333333333333333,51.36363636363637,469,0
973,0,9,13.11111111111111,0.0,492.0,482,0
974,0,1,60.0,0.0,215.0,496,0
975,1,4,14.0,0.0,122.5,125,0
976,0,2,22.5,0.0,179.0,643,0
977,1,8,9.375,0.0,147.0,657,0
978,1,6,8.166666666666666,0.0,101.5,131,0
979,0,1,45.0,0.0,195.0,119,0
980,1,4,9.75,0.0,75.0,858,0
981,0,2,44.0,0.0,427.0,18,0
982,1,4,33.25,0.0,277.5,680,0
983,0,8,6.625,0.0,204.0,694,0
984,1,5,40.0,0.0,403.5,864,0
985,0,1,37.0,0.0,176.0,24,0
986,2,1,249.0,0.3333333333333333,535.5,870,0
987,0,3,29.333333333333332,0.0,334.0,30,0
988,12,4,72.5,0.0,96.38461538461539,737,0
989,0,11,13.818181818181818,0.0,658.0,723,0
990,1,1,35.0,0.0,74.5,938,0
991,1,1,12.0,0.0,21.0,910,0
992,0,1,23.0,0.0,78.0,904,0
993,4,5,28.4,0.0,115.8,535,0
994,0,4,16.25,0.0,256.0,253,0
995,0,3,43.333333333333336,0.0,558.0,247,0
996,0,8,8.0,0.0,260.0,521,0
997,0,2,12.0,0.0,107.0,509,0
998,1,15,10.933333333333334,0.0,303.0,290,0
999,4,12,12.916666666666666,0.0,126.2,284,0
0,2,1,150.0,0.0,204.33333333333334,289,1
1,3,8,24.125,0.0,203.0,504,1
2,6,12,12.666666666666666,0.0,83.0,262,1
3,1,5,16.6,0.0,169.0,276,1
4,5,8,35.875,0.0,204.5,510,1
5,0,1,59.0,0.0,260.0,538,1
6,0,1,18.0,0.0,61.0,909,1
7,3,1,48.0,0.0,45.5,921,1
8,0,1,28.0,0.0,96.0,935,1
9,2,1,102.0,0.0,159.33333333333334,706,1
10,0,5,15.8,0.0,332.0,712,1
11,1,1,46.0,0.0,105.0,29,1
12,0,1,37.0,0.0,130.0,869,1
13,27,1,322.0,0.0,47.464285714285715,15,1
14,0,1,20.0,0.0,78.0,855,1
15,3,3,44.0,0.0,149.0,699,1
16,1,1,112.0,0.0,254.0,841,1
17,0,8,14.375,0.0,456.0,114,1
18,9,1,49.0,0.0,22.2,672,1
19,1,2,26.5,0.0,112.0,666,1
20,1,1,15.0,0.0,24.0,100,1
21,0,1,11.0,0.0,40.0,128,1
22,3,3,12.0,0.0,37.75,896,1
23,0,9,15.333333333333334,0.0,536.0,882,1
24,0,6,14.333333333333334,0.0,345.0,470,1
25,19,1,66.0,0.45,27.727272727272727,316,1
26,4,9,14.88888888888889,0.0,103.0,302,1
27,5,4,30.25,0.0,85.0,464,1
28,15,17,21.529411764705884,0.375,146.4,458,1
29,1,1,59.0,0.0,118.0,459,1
30,0,1,99.0,0.0,440.0,303,1
31,10,21,9.619047619047619,0.0,70.81818181818181,465,1
32,3,1,158.0,0.0,206.25,471,1
33,0,9,18.77777777777778,0.0,681.0,317,1
34,0,3,11.666666666666666,0.0,149.0,883,1
35,8,8,15.875,0.0,60.888888888888886,129,1
36,0,1,22.0,0.0,94.0,897,1
37,0,1,11.0,0.0,48.0,667,1
38,0,4,10.25,0.0,163.0,101,1
39,9,1,149.0,0.1,71.88888888888889,115,1
40,1,1,80.0,0.0,154.5,673,1
41,1,9,20.11111111111111,0.0,384.5,840,1
42,2,4,15.25,0.0,87.0,698,1
43,14,1,352.0,0.06666666666666667,100.35714285714286,854,1
44,0,1,230.0,0.0,911.0,14,1
45,5,1,72.0,0.0,48.666666666666664,868,1
46,0,18,11.88888888888889,0.0,927.0,28,1
47,1,8,16.875,0.0,265.0,713,1
48,2,1,153.0,0.0,221.0,707,1
49,0,1,17.0,0.0,77.0,934,1
50,0,9,13.11111111111111,0.0,498.0,920,1
51,0,1,27.0,0.0,104.0,908,1
52,3,1,86.0,0.0,89.0,539,1
53,19,4,46.0,0.15,47.23529411764706,277,1
54,0,3,22.333333333333332,0.0,272.0,511,1
55,9,8,18.125,0.0,61.1,505,1
56,0,2,11.5,0.0,91.0,263,1
57,1,9,9.11111111111111,0.0,167.0,288,1
58,0,1,25.0,0.0,105.0,513,1
59,0,1,10.0,0.0,41.0,275,1
60,4,3,10.0,0.4,40.333333333333336,261,1
61,3,1,29.0,0.0,31.25,507,1
62,0,1,34.0,0.0,161.0,249,1
63,2,4,17.0,0.0,101.0,936,1
64,1,3,19.333333333333332,0.0,141.5,922,1
65,3,9,27.0,0.0,262.5,711,1
66,13,15,34.13333333333333,0.14285714285714285,182.08333333333334,705,1
67,9,4,39.75,0.0,57.1,739,1
68,1,5,10.2,0.0,101.5,842,1
69,9,7,11.285714285714286,0.0,37.5,16,1
70,0,1,31.0,0.0,139.0,856,1
71,0,2,28.0,0.0,251.0,103,1
72,3,3,15.333333333333334,0.0,44.5,665,1
73,0,1,81.0,0.0,297.0,671,1
74,1,1,61.0,0.0,117.0,117,1
75,0,1,9.0,0.0,35.0,881,1
76,7,3,36.666666666666664,0.125,64.85714285714286,659,1
77,1,1,29.0,0.0,60.5,895,1
78,0,9,16.22222222222222,0.0,594.0,498,1
79,10,3,114.33333333333333,0.2727272727272727,167.25,467,1
80,0,6,15.833333333333334,0.0,375.0,301,1
81,16,25,23.84,0.0,141.94117647058823,315,1
82,19,8,46.25,0.05,77.78947368421052,473,1
83,7,7,28.285714285714285,0.0,109.125,329,1
84,4,8,26.0,0.0,181.2,328,1
85,0,6,11.833333333333334,0.0,300.0,314,1
86,23,22,26.136363636363637,0.08333333333333333,105.13636363636364,472,1
87,1,10,20.8,0.0,488.5,466,1
88,7,10,27.1,0.0,126.375,300,1
89,10,11,14.636363636363637,0.45454545454545453,107.5,499,1
90,15,19,9.421052631578947,0.4375,79.77777777777777,894,1
91,0,3,13.333333333333334,0.0,179.0,658,1
92,0,4,12.75,0.0,176.0,880,1
93,2,3,15.333333333333334,0.0,60.0,670,1
94,1,1,42.0,0.0,80.0,116,1
95,1,10,8.3,0.0,135.5,102,1
96,0,1,11.0,0.0,45.0,664,1
97,0,4,8.75,0.0,147.0,857,1
98,0,2,23.5,0.0,208.0,17,1
99,1,1,35.0,0.0,79.5,843,1
100,1,6,22.166666666666668,0.0,256.5,738,1
101,2,2,101.5,0.0,289.3333333333333,704,1
102,14,6,28.166666666666668,0.0,47.06666666666667,710,1
103,4,5,16.0,0.0,63.0,923,1
104,1,4,11.0,0.0,99.0,937,1
105,10,11,16.636363636363637,0.0,66.27272727272727,248,1
106,3,5,7.4,0.0,36.0,260,1
107,0,1,67.0,0.0,314.0,506,1
108,0,1,80.0,0.0,256.0,512,1
109,0,1,24.0,0.0,104.0,274,1
110,0,2,17.0,0.0,108.0,258,1
111,3,5,11.4,0.0,52.25,270,1
112,1,1,20.0,0.0,38.0,516,1
113,0,11,11.090909090909092,0.0,470.0,502,1
114,0,7,20.285714285714285,0.0,540.0,264,1
115,0,1,140.0,0.0,584.0,933,1
116,2,1,39.0,0.0,52.666666666666664,927,1
117,0,4,11.25,0.0,175.0,728,1
118,8,1,109.0,0.0,53.333333333333336,714,1
119,3,1,55.0,0.0,52.0,700,1
120,0,9,10.444444444444445,0.0,384.0,847,1
121,0,1,64.0,0.0,299.0,13,1
122,1,3,11.666666666666666,0.0,65.5,853,1
123,1,1,37.0,0.0,69.0,884,1
124,9,10,25.0,0.0,102.9,890,1
125,5,1,142.0,0.0,87.5,648,1
126,1,1,34.0,0.0,72.0,660,1
127,0,1,31.0,0.0,130.0,106,1
128,0,4,7.75,0.0,129.0,112,1
129,2,1,226.0,0.3333333333333333,485.0,674,1
130,7,1,241.0,0.0,114.75,489,1
131,0,2,7.0,0.0,50.0,338,1
132,9,9,14.11111111111111,0.0,57.0,304,1
133,8,3,57.666666666666664,0.0,85.44444444444444,462,1
134,21,28,25.535714285714285,0.0,133.1818181818182,476,1
135,1,8,19.125,0.0,303.5,310,1
136,1,10,35.6,0.0,701.5,477,1
137,9,14,28.571428571428573,0.2,204.75,311,1
138,1,2,85.0,0.0,331.5,305,1
139,20,15,26.066666666666666,0.0,67.14285714285714,463,1
140,0,1,82.0,0.0,295.0,339,1
141,13,11,23.363636363636363,0.0,80.0,488,1
142,1,1,36.0,0.0,58.5,113,1
143,3,1,131.0,0.0,132.75,675,1
144,6,10,29.9,0.0,176.71428571428572,661,1
145,1,2,19.5,0.0,87.5,107,1
146,5,6,21.166666666666668,0.3333333333333333,108.25,649,1
147,0,2,27.0,0.0,197.0,891,1
148,0,1,7.0,0.0,19.0,885,1
149,8,1,140.0,0.2222222222222222,73.0,852,1
150,9,10,30.6,0.0,118.0,12,1
151,1,2,73.5,0.0,287.0,846,1
152,2,6,19.0,0.0,164.0,701,1
153,0,1,53.0,0.0,203.0,715,1
154,1,8,39.5,0.0,630.0,729,1
155,1,6,15.833333333333334,0.0,195.0,926,1
156,0,6,20.166666666666668,0.0,513.0,932,1
157,0,3,55.0,0.0,646.0,503,1
158,2,1,70.0,0.0,80.66666666666667,265,1
159,1,1,14.0,0.0,21.0,271,1
160,0,8,8.25,0.0,248.0,517,1
161,3,3,10.666666666666666,0.0,29.0,259,1
162,6,10,53.3,0.0,320.7142857142857,298,1
163,0,5,14.0,0.0,249.0,529,1
164,6,8,25.0,0.0,113.57142857142857,267,1
165,0,1,126.0,0.0,504.0,501,1
166,0,1,30.0,0.0,97.0,515,1
167,0,1,21.0,0.0,77.0,273,1
168,0,6,15.5,0.0,367.0,924,1
169,1,1,15.0,0.0,27.0,930,1
170,2,2,14.5,0.0,42.0,918,1
171,3,3,21.666666666666668,0.0,62.75,703,1
172,3,6,28.666666666666668,0.0,174.25,717,1
173,2,9,8.88888888888889,0.0,115.33333333333333,688,1
174,1,1,61.0,0.0,159.5,10,1
175,2,12,8.25,0.3333333333333333,207.0,850,1
176,1,3,32.666666666666664,0.0,213.0,844,1
177,2,8,10.25,0.0,114.33333333333333,38,1
178,0,1,18.0,0.0,76.0,878,1
179,4,2,12.5,0.4,32.666666666666664,893,1
180,0,6,15.666666666666666,0.0,348.0,139,1
181,0,3,6.0,0.0,71.0,887,1
182,5,4,14.0,0.0,38.166666666666664,677,1
183,3,2,34.0,0.25,96.0,111,1
184,0,1,48.0,0.0,209.0,105,1
185,0,2,9.5,0.0,76.0,663,1
186,6,7,42.42857142857143,0.0,171.14285714285714,449,1
187,0,6,23.5,0.0,575.0,313,1
188,0,5,101.4,0.0,2421.0,475,1
189,2,2,63.5,0.0,170.33333333333334,461,1
190,0,1,26.0,0.0,114.0,307,1
191,8,9,21.11111111111111,0.0,83.11111111111111,460,1
192,0,10,16.5,0.0,674.0,306,1
193,2,2,67.5,0.0,178.66666666666666,312,1
194,30,1,250.0,0.0,33.806451612903224,474,1
195,1,1,77.0,0.0,158.5,448,1
196,0,1,40.0,0.0,147.0,104,1
197,8,11,23.181818181818183,0.0,112.77777777777777,662,1
198,9,1,188.0,0.0,80.7,676,1
199,0,6,13.666666666666666,0.0,327.0,110,1
200,4,9,17.22222222222222,0.0,120.0,138,1
201,0,1,12.0,0.0,52.0,886,1
202,0,1,18.0,0.0,77.0,892,1
203,0,18,17.444444444444443,0.0,1254.0,879,1
204,0,2,23.5,0.0,206.0,39,1
205,6,13,10.23076923076923,0.0,68.57142857142857,845,1
206,6,13,13.384615384615385,0.0,96.0,851,1
207,0,2,18.5,0.0,218.0,11,1
208,3,2,67.5,0.0,130.0,689,1
209,4,9,15.666666666666666,0.0,123.0,716,1
210,1,1,117.0,0.0,261.0,702,1
211,4,1,112.0,0.4,161.0,919,1
212,0,3,19.0,0.0,220.0,931,1
213,1,1,55.0,0.0,112.5,925,1
214,0,1,83.0,0.0,343.0,514,1
215,0,6,13.5,0.0,303.0,272,1
216,0,5,8.6,0.0,147.0,266,1
217,2,2,15.0,0.3333333333333333,45.5,500,1
218,0,2,24.5,0.0,214.0,528,1
219,6,9,27.333333333333332,0.0,119.57142857142857,299,1
220,1,2,35.0,0.0,147.5,598,1
221,1,3,12.333333333333334,0.0,68.0,201,1
222,1,3,9.666666666666666,0.0,60.5,567,1
223,3,6,7.333333333333333,0.0,42.25,573,1
224,10,1,221.0,0.0,85.18181818181819,215,1
225,4,1,26.0,0.0,25.2,229,1
226,5,1,39.0,0.0,26.666666666666668,942,1
227,2,2,33.5,0.0,88.0,956,1
228,7,6,21.166666666666668,0.0,58.125,765,1
229,0,6,13.0,0.0,306.0,771,1
230,6,6,33.166666666666664,0.0,132.57142857142858,759,1
231,0,1,37.0,0.0,134.0,981,1
232,4,2,96.0,0.0,156.2,995,1
233,7,19,18.894736842105264,0.0,193.625,76,1
234,2,6,15.0,0.0,118.33333333333333,836,1
235,0,3,21.333333333333332,0.0,240.0,188,1
236,0,4,8.25,0.0,141.0,62,1
237,0,1,103.0,0.0,467.0,822,1
238,6,1,34.0,0.0,23.857142857142858,89,1
239,7,6,23.0,0.0,83.375,611,1
240,0,1,46.0,0.0,185.0,177,1
241,5,4,18.5,0.16666666666666666,64.4,163,1
242,0,2,14.0,0.0,115.0,605,1
243,1,1,30.0,0.0,71.0,639,1
244,1,2,57.0,0.0,207.5,375,1
245,0,3,5.333333333333333,0.0,46.0,413,1
246,0,9,25.444444444444443,0.0,878.0,407,1
247,2,2,25.5,0.0,69.0,361,1
248,1,5,10.4,0.0,112.5,349,1
249,1,3,16.666666666666668,0.0,96.5,348,1
250,5,4,12.0,0.0,29.0,406,1
251,1,1,21.0,0.0,47.0,360,1
252,3,4,15.0,0.0,55.0,374,1
253,15,2,133.0,0.0,65.625,412,1
254,0,2,26.5,0.0,220.0,638,1
255,2,3,40.0,0.0,166.66666666666666,162,1
256,4,2,72.0,0.2,150.25,604,1
257,0,1,32.0,0.0,140.0,610,1
258,1,8,21.125,0.0,346.5,88,1
259,0,3,21.0,0.0,229.0,176,1
260,0,2,33.5,0.0,235.0,823,1
261,0,2,28.0,0.0,216.0,63,1
262,4,1,32.0,0.0,27.6,837,1
263,0,3,26.0,0.0,324.0,77,1
264,30,30,13.3,0.3870967741935484,80.73684210526316,189,1
265,1,1,68.0,0.0,146.5,994,1
266,0,3,11.0,0.0,133.0,980,1
267,1,2,40.0,0.0,165.0,758,1
268,0,5,13.0,0.0,288.0,770,1
269,5,1,56.0,0.0,39.5,764,1
270,0,1,115.0,0.0,490.0,957,1
271,1,2,19.5,0.0,87.5,943,1
272,3,1,57.0,0.0,52.25,228,1
273,2,1,25.0,0.3333333333333333,54.5,572,1
274,7,1,87.0,0.0,45.75,214,1
275,9,4,33.25,0.1,59.22222222222222,200,1
276,0,10,14.9,0.0,573.0,566,1
277,1,1,53.0,0.0,121.5,599,1
278,12,9,20.444444444444443,0.3076923076923077,80.66666666666667,216,1
279,0,1,31.0,0.0,102.0,570,1
280,0,1,18.0,0.0,91.0,564,1
281,2,5,79.8,0.0,550.0,202,1
282,8,6,13.666666666666666,0.0,36.888888888888886,558,1
283,1,12,19.0,0.0,451.0,969,1
284,6,9,12.333333333333334,0.0,65.14285714285714,955,1
285,2,7,21.142857142857142,0.0,184.33333333333334,941,1
286,1,1,8.0,0.0,16.0,799,1
287,1,1,21.0,0.0,43.5,772,1
288,8,2,67.5,0.0,60.44444444444444,766,1
289,1,3,18.333333333333332,0.0,130.0,996,1
290,0,1,41.0,0.0,159.0,982,1
291,0,7,13.0,0.0,348.0,49,1
292,2,1,79.0,0.0,108.0,809,1
293,11,24,18.583333333333332,0.0,142.75,61,1
294,1,7,14.428571428571429,0.0,202.0,821,1
295,0,3,15.333333333333334,0.0,181.0,75,1
296,5,14,26.642857142857142,0.0,231.83333333333334,835,1
297,0,8,11.5,0.0,409.0,606,1
298,0,3,60.333333333333336,0.0,782.0,160,1
299,0,1,43.0,0.0,202.0,174,1
300,0,17,24.88235294117647,0.0,1775.0,612,1
301,8,1,104.0,0.0,49.666666666666664,148,1
302,5,10,6.3,0.16666666666666666,47.8,389,1
303,4,1,21.0,0.0,22.6,362,1
304,12,9,21.666666666666668,0.0,58.76923076923077,404,1
305,0,3,48.333333333333336,0.0,565.0,410,1
306,2,3,17.333333333333332,0.0,65.33333333333333,376,1
307,0,3,29.0,0.0,358.0,438,1
308,0,3,12.333333333333334,0.0,145.0,439,1
309,1,1,545.0,0.0,1099.0,411,1
310,1,1,100.0,0.0,218.0,377,1
311,1,6,9.333333333333334,0.0,93.5,363,1
312,6,1,135.0,0.0,78.57142857142857,405,1
313,0,1,10.0,0.0,38.0,388,1
314,7,6,27.5,0.0,87.75,149,1
315,16,11,19.09090909090909,0.11764705882352941,57.53333333333333,175,1
316,39,57,25.035087719298247,0.45,257.22727272727275,613,1
317,1,1,80.0,0.0,155.5,607,1
318,0,4,16.25,0.0,247.0,161,1
319,15,1,101.0,0.0625,36.6,834,1
320,0,2,6.5,0.0,59.0,74,1
321,0,1,89.0,0.0,373.0,820,1
322,13,12,28.416666666666668,0.0,90.78571428571429,60,1
323,6,3,26.333333333333332,0.14285714285714285,51.0,808,1
324,0,1,126.0,0.0,480.0,48,1
325,6,4,24.0,0.0,51.57142857142857,983,1
326,18,10,42.3,0.15789473684210525,109.9375,997,1
327,5,13,22.307692307692307,0.16666666666666666,217.6,767,1
328,0,7,11.0,0.0,324.0,773,1
329,0,1,8.0,0.0,29.0,798,1
330,1,2,84.5,0.0,333.0,940,1
331,11,2,92.5,0.0,66.83333333333333,954,1
332,1,1,105.0,0.0,214.0,968,1
333,1,2,39.0,0.0,164.5,559,1
334,2,5,12.6,0.0,75.0,565,1
335,1,2,61.0,0.0,260.5,203,1
336,3,1,90.0,0.0,92.75,217,1
337,0,1,10.0,0.0,26.0,571,1
338,0,3,11.666666666666666,0.0,115.0,549,1
339,0,1,29.0,0.0,133.0,575,1
340,0,12,27.333333333333332,0.0,1354.0,213,1
341,9,3,51.0,0.0,60.7,207,1
342,2,3,24.333333333333332,0.0,101.0,561,1
343,9,4,24.5,0.0,35.6,950,1
344,0,2,15.5,0.0,122.0,788,1
345,33,34,15.294117647058824,0.14705882352941177,66.20689655172414,944,1
346,4,1,38.0,0.2,41.0,978,1
347,1,6,11.666666666666666,0.0,141.5,993,1
348,2,1,23.0,0.0,36.333333333333336,987,1
349,0,4,11.75,0.0,146.0,777,1
350,1,4,13.25,0.0,104.5,763,1
351,8,6,30.666666666666668,0.0,80.88888888888889,64,1
352,0,1,26.0,0.0,99.0,824,1
353,0,5,30.6,0.0,545.0,70,1
354,9,14,18.785714285714285,0.0,107.1,830,1
355,0,3,23.0,0.0,281.0,58,1
356,3,18,11.777777777777779,0.0,226.0,818,1
357,8,9,9.444444444444445,0.0,36.55555555555556,159,1
358,3,4,17.0,0.0,75.25,165,1
359,6,6,18.5,0.42857142857142855,109.75,603,1
360,2,4,4.5,0.0,23.666666666666668,617,1
361,3,2,33.0,0.0,61.0,171,1
362,1,3,52.333333333333336,0.0,311.5,398,1
363,1,1,44.0,0.0,87.0,429,1
364,1,4,72.75,0.0,593.5,401,1
365,0,1,8.0,0.0,34.0,367,1
366,0,2,51.0,0.0,440.0,373,1
367,0,2,28.0,0.0,204.0,415,1
368,1,2,30.5,0.0,134.0,372,1
369,26,9,21.11111111111111,0.2222222222222222,38.666666666666664,414,1
370,12,19,17.105263157894736,0.0,101.3076923076923,400,1
371,0,14,6.928571428571429,0.0,382.0,366,1
372,17,21,23.61904761904762,0.0,107.77777777777777,428,1
373,2,1,231.0,0.0,315.6666666666667,399,1
374,0,4,5.25,0.0,77.0,616,1
375,3,3,9.666666666666666,0.0,27.25,170,1
376,4,3,23.333333333333332,0.2,66.0,164,1
377,5,11,17.0,0.16666666666666666,165.6,602,1
378,2,8,9.875,0.0,102.0,158,1
379,0,3,11.666666666666666,0.0,136.0,819,1
380,4,9,17.11111111111111,0.0,111.6,59,1
381,1,7,16.142857142857142,0.0,227.5,831,1
382,0,1,27.0,0.0,110.0,71,1
383,3,2,16.0,0.0,28.5,825,1
384,2,1,29.0,0.0,34.666666666666664,65,1
385,7,8,18.125,0.125,88.0,762,1
386,17,9,35.77777777777778,0.0,66.77777777777777,776,1
387,0,1,13.0,0.0,60.0,986,1
388,1,2,73.0,0.0,311.0,992,1
389,1,1,64.0,0.0,129.0,979,1
390,1,1,62.0,0.0,135.0,945,1
391,0,8,14.125,0.0,443.0,789,1
392,6,2,43.0,0.0,50.42857142857143,951,1
393,2,5,26.4,0.3333333333333333,273.5,206,1
394,0,1,57.0,0.0,241.0,560,1
395,0,3,10.333333333333334,0.0,139.0,574,1
396,0,1,70.0,0.0,298.0,212,1
397,1,1,22.0,0.0,47.5,548,1
398,0,3,17.333333333333332,0.0,234.0,589,1
399,0,3,19.333333333333332,0.0,213.0,238,1
400,0,3,5.0,0.0,60.0,562,1
401,3,20,14.35,0.0,321.0,204,1
402,0,3,51.666666666666664,0.0,600.0,210,1
403,12,10,36.8,0.0,117.3076923076923,576,1
404,1,1,64.0,0.0,114.0,947,1
405,1,1,42.0,0.0,89.5,953,1
406,0,9,10.444444444444445,0.0,353.0,984,1
407,0,3,16.0,0.0,163.0,748,1
408,0,1,11.0,0.0,42.0,990,1
409,1,2,36.0,0.0,155.5,760,1
410,11,6,45.666666666666664,0.25,133.77777777777777,774,1
411,0,2,19.5,0.0,179.0,73,1
412,5,7,23.571428571428573,0.0,110.5,833,1
413,3,9,22.0,0.0,176.25,67,1
414,0,2,63.0,0.0,537.0,827,1
415,6,4,38.75,0.14285714285714285,101.0,199,1
416,0,8,15.75,0.0,504.0,9,1
417,1,4,10.75,0.0,93.0,628,1
418,0,1,24.0,0.0,100.0,172,1
419,0,9,16.666666666666668,0.0,593.0,614,1
420,6,4,17.25,0.0,36.42857142857143,600,1
421,0,1,24.0,0.0,96.0,98,1
422,0,2,33.5,0.0,269.0,166,1
423,0,5,19.6,0.0,382.0,358,1
424,0,1,72.0,0.0,265.0,416,1
425,0,1,52.0,0.0,214.0,370,1
426,2,11,14.0,0.0,182.0,364,1
427,1,1,60.0,0.0,124.0,402,1
428,5,4,11.25,0.0,28.0,365,1
429,7,11,18.545454545454547,0.0,90.75,403,1
430,0,1,21.0,0.0,83.0,417,1
431,0,2,21.5,0.0,207.0,371,1
432,1,6,24.333333333333332,0.0,268.5,359,1
433,0,2,41.0,0.0,391.0,99,1
434,5,4,67.0,0.16666666666666666,217.2,601,1
435,2,1,29.0,0.0,39.666666666666664,167,1
436,6,2,61.5,0.0,69.28571428571429,173,1
437,1,2,76.0,0.0,330.0,615,1
438,0,1,41.0,0.0,177.0,629,1
439,2,1,48.0,0.0,68.33333333333333,8,1
440,0,8,11.625,0.0,393.0,826,1
441,0,8,15.75,0.0,486.0,66,1
442,3,2,17.0,0.0,43.5,198,1
443,7,11,10.727272727272727,0.0,54.75,832,1
444,1,2,20.5,0.0,86.5,72,1
445,0,6,33.333333333333336,0.0,877.0,775,1
446,1,2,116.5,0.0,466.0,761,1
447,1,1,51.0,0.0,99.0,991,1
448,5,6,10.333333333333334,0.3333333333333333,61.25,749,1
449,2,4,12.0,0.3333333333333333,94.0,985,1
450,4,8,36.5,0.0,240.0,952,1
451,1,1,196.0,0.0,402.5,946,1
452,8,12,13.666666666666666,0.0,73.77777777777777,211,1
453,0,10,13.9,0.0,606.0,577,1
454,3,4,13.75,0.0,45.75,563,1
455,20,7,104.71428571428571,0.42857142857142855,250.5,205,1
456,0,2,33.5,0.0,257.0,239,1
457,0,5,11.2,0.0,207.0,588,1
458,0,10,8.5,0.0,282.0,585,1
459,1,6,10.666666666666666,0.0,143.0,591,1
460,3,1,26.0,0.25,37.0,220,1
461,0,1,9.0,0.0,26.0,546,1
462,1,10,14.7,0.0,284.5,552,1
463,0,1,6.0,0.0,24.0,234,1
464,2,1,27.0,0.3333333333333333,73.5,208,1
465,3,1,35.0,0.25,55.333333333333336,787,1
466,2,5,27.8,0.0,188.66666666666666,793,1
467,0,2,26.5,0.0,232.0,963,1
468,0,1,14.0,0.0,56.0,977,1
469,0,10,25.8,0.0,1078.0,744,1
470,0,1,11.0,0.0,38.0,750,1
471,0,1,24.0,0.0,105.0,988,1
472,5,3,33.333333333333336,0.0,63.333333333333336,778,1
473,0,4,21.25,0.0,324.0,195,1
474,0,1,18.0,0.0,74.0,181,1
475,1,8,17.25,0.0,258.5,57,1
476,0,9,12.333333333333334,0.0,443.0,817,1
477,3,1,108.0,0.25,156.33333333333334,5,1
478,3,1,40.0,0.0,36.0,43,1
479,0,1,6.0,0.0,26.0,803,1
480,0,5,20.8,0.0,469.0,630,1
481,1,6,14.333333333333334,0.0,161.5,156,1
482,3,7,19.714285714285715,0.0,131.5,142,1
483,2,4,12.0,0.3333333333333333,89.0,624,1
484,5,2,37.5,0.16666666666666666,56.8,94,1
485,0,1,29.0,0.0,94.0,80,1
486,0,6,9.833333333333334,0.0,226.0,618,1
487,10,26,18.653846153846153,0.0,180.1818181818182,397,1
488,0,1,77.0,0.0,283.0,383,1
489,1,1,8.0,0.0,26.5,354,1
490,0,3,26.333333333333332,0.0,336.0,432,1
491,0,2,19.0,0.0,160.0,426,1
492,0,3,9.333333333333334,0.0,113.0,340,1
493,1,3,23.333333333333332,0.0,136.0,368,1
494,10,11,13.454545454545455,0.09090909090909091,59.3,369,1
495,0,2,15.5,0.0,128.0,427,1
496,0,7,10.142857142857142,0.0,259.0,341,1
497,0,1,36.0,0.0,131.0,355,1
498,0,3,6.666666666666667,0.0,57.0,433,1
499,0,1,38.0,0.0,119.0,382,1
500,1,8,35.625,0.0,596.5,396,1
501,3,1,25.0,0.0,27.0,619,1
502,0,1,16.0,0.0,58.0,81,1
503,13,11,23.90909090909091,0.42857142857142855,143.125,95,1
504,0,2,28.0,0.0,241.0,143,1
505,0,1,19.0,0.0,70.0,625,1
506,1,1,27.0,0.0,52.5,631,1
507,13,1,159.0,0.0,49.285714285714285,157,1
508,2,1,29.0,0.0,36.0,802,1
509,0,3,8.333333333333334,0.0,92.0,42,1
510,1,6,21.166666666666668,0.0,255.5,816,1
511,1,1,182.0,0.0,398.5,56,1
512,5,10,16.3,0.0,125.0,4,1
513,10,11,30.0,0.0,119.18181818181819,180,1
514,4,9,22.666666666666668,0.0,162.8,194,1
515,7,8,10.0,0.0,40.75,779,1
516,3,5,13.8,0.25,78.33333333333333,989,1
517,1,3,5.0,0.0,29.0,751,1
518,8,19,17.473684210526315,0.0,138.44444444444446,745,1
519,0,1,83.0,0.0,317.0,976,1
520,4,7,21.571428571428573,0.0,133.0,962,1
521,0,1,45.0,0.0,172.0,792,1
522,8,7,16.285714285714285,0.3333333333333333,70.0,786,1
523,7,2,179.5,0.0,194.0,209,1
524,6,2,35.5,0.0,40.142857142857146,553,1
525,4,4,15.25,0.4,81.0,235,1
526,0,2,26.0,0.0,221.0,221,1
527,1,1,8.0,0.0,12.5,547,1
528,1,5,8.8,0.0,86.0,590,1
529,0,1,14.0,0.0,49.0,584,1
530,1,6,16.333333333333332,0.0,209.5,592,1
531,0,1,21.0,0.0,87.0,586,1
532,0,1,42.0,0.0,179.0,237,1
533,1,5,12.0,0.0,118.0,551,1
534,0,1,32.0,0.0,129.0,545,1
535,10,1,108.0,0.09090909090909091,44.4,223,1
536,5,2,55.5,0.0,81.5,579,1
537,2,5,17.2,0.0,127.66666666666667,948,1
538,0,1,25.0,0.0,103.0,790,1
539,1,3,42.333333333333336,0.0,267.5,784,1
540,3,5,28.2,0.0,150.5,974,1
541,0,3,44.0,0.0,576.0,960,1
542,0,1,3.0,0.0,8.0,753,1
543,7,5,9.2,0.25,31.0,747,1
544,1,1,57.0,0.0,117.5,182,1
545,0,8,14.75,0.0,444.0,196,1
546,0,10,15.9,0.0,668.0,68,1
547,0,1,120.0,0.0,517.0,828,1
548,0,6,16.666666666666668,0.0,433.0,40,1
549,0,1,149.0,0.0,621.0,800,1
550,15,18,17.333333333333332,0.0625,87.53333333333333,6,1
551,5,5,10.8,0.0,37.0,54,1
552,0,1,284.0,0.0,1030.0,814,1
553,2,11,10.454545454545455,0.0,142.66666666666666,627,1
554,17,2,63.5,0.1111111111111111,33.0625,141,1
555,0,4,21.5,0.0,341.0,155,1
556,0,2,32.5,0.0,272.0,633,1
557,1,4,13.0,0.0,107.0,83,1
558,5,4,45.0,0.0,121.83333333333333,169,1
559,0,12,10.583333333333334,0.0,480.0,97,1
560,13,3,49.0,0.0,39.285714285714285,380,1
561,5,1,210.0,0.0,144.33333333333334,394,1
562,0,3,10.333333333333334,0.0,101.0,343,1
563,10,11,23.727272727272727,0.0,84.18181818181819,425,1
564,13,10,31.5,0.21428571428571427,115.36363636363636,431,1
565,0,1,11.0,0.0,39.0,357,1
566,9,16,12.9375,0.1,90.44444444444444,419,1
567,1,4,16.75,0.0,123.0,418,1
568,1,1,211.0,0.0,440.5,430,1
569,0,1,4.0,0.0,3.0,356,1
570,0,1,37.0,0.0,163.0,342,1
571,1,6,46.0,0.0,576.5,424,1
572,9,1,92.0,0.0,41.6,395,1
573,0,4,13.25,0.0,198.0,381,1
574,3,6,47.833333333333336,0.0,285.0,168,1
575,0,6,12.166666666666666,0.0,287.0,96,1
576,1,1,38.0,0.0,80.5,82,1
577,4,7,13.0,0.0,67.2,154,1
578,0,3,7.0,0.0,79.0,632,1
579,0,2,11.5,0.0,103.0,626,1
580,1,5,18.0,0.0,178.0,140,1
581,9,21,15.095238095238095,0.0,131.2,7,1
582,3,1,34.0,0.25,59.666666666666664,815,1
583,8,6,15.5,0.2222222222222222,53.857142857142854,55,1
584,0,1,19.0,0.0,69.0,801,1
585,0,1,7.0,0.0,25.0,41,1
586,5,1,74.0,0.3333333333333333,70.5,197,1
587,1,3,26.0,0.0,171.0,829,1
588,1,1,59.0,0.0,119.5,69,1
589,0,1,33.0,0.0,131.0,183,1
590,1,2,18.0,0.0,73.5,746,1
591,4,5,12.0,0.4,84.33333333333333,752,1
592,11,6,26.666666666666668,0.0,42.75,961,1
593,0,2,16.0,0.0,114.0,975,1
594,1,1,7.0,0.0,16.5,785,1
595,19,10,18.7,0.0,41.35,791,1
596,11,32,18.84375,0.08333333333333333,209.54545454545453,949,1
597,0,3,27.666666666666668,0.0,334.0,578,1
598,0,8,17.125,0.0,554.0,544,1
599,0,11,12.636363636363637,0.0,568.0,222,1
600,3,1,36.0,0.0,36.0,236,1
601,1,1,25.0,0.0,50.0,550,1
602,0,2,91.5,0.0,673.0,587,1
603,4,6,21.333333333333332,0.0,95.8,593,1
604,1,1,66.0,0.0,125.5,597,1
605,4,2,40.0,0.0,61.4,583,1
606,0,2,9.5,0.0,85.0,568,1
607,1,3,29.333333333333332,0.0,173.0,554,1
608,0,3,21.333333333333332,0.0,282.0,232,1
609,3,6,13.666666666666666,0.0,73.0,226,1
610,0,1,178.0,0.0,725.0,540,1
611,1,4,33.5,0.0,272.5,971,1
612,0,3,34.333333333333336,0.0,423.0,965,1
613,2,5,13.4,0.0,87.0,795,1
614,0,3,26.666666666666668,0.0,281.0,959,1
615,0,1,46.0,0.0,172.0,781,1
616,0,1,6.0,0.0,27.0,756,1
617,0,3,28.666666666666668,0.0,367.0,742,1
618,1,2,13.5,0.0,54.5,45,1
619,7,7,33.57142857142857,0.0,117.125,805,1
620,4,3,10.333333333333334,0.4,47.333333333333336,51,1
621,1,2,49.5,0.0,216.0,811,1
622,1,7,16.142857142857142,0.0,227.0,3,1
623,1,2,13.0,0.0,48.5,187,1
624,0,5,12.2,0.0,231.0,79,1
625,1,5,19.8,0.0,217.5,839,1
626,2,8,6.875,0.0,68.66666666666667,193,1
627,1,5,13.8,0.0,146.0,178,1
628,1,1,146.0,0.0,267.0,86,1
629,0,6,26.166666666666668,0.0,658.0,92,1
630,0,2,59.5,0.0,581.0,144,1
631,0,6,17.0,0.0,403.0,622,1
632,1,1,62.0,0.0,111.0,636,1
633,1,2,38.0,0.0,156.5,150,1
634,8,1,98.0,0.0,48.333333333333336,385,1
635,1,1,64.0,0.0,132.0,391,1
636,1,1,89.0,0.0,177.5,408,1
637,0,11,10.272727272727273,0.0,425.0,420,1
638,0,1,86.0,0.0,301.0,346,1
639,0,2,18.0,0.0,124.0,352,1
640,0,3,27.0,0.0,315.0,434,1
641,0,1,44.0,0.0,241.0,353,1
642,0,5,12.4,0.0,206.0,435,1
643,1,1,27.0,0.0,57.0,421,1
644,0,1,5.0,0.0,14.0,347,1
645,4,3,21.0,0.0,49.4,409,1
646,1,1,24.0,0.0,49.5,390,1
647,2,3,18.333333333333332,0.0,66.66666666666667,384,1
648,0,1,54.0,0.0,213.0,637,1
649,1,2,20.0,0.0,88.5,151,1
650,0,1,79.0,0.0,346.0,145,1
651,2,2,18.5,0.3333333333333333,69.0,623,1
652,5,9,27.77777777777778,0.0,162.16666666666666,93,1
653,1,8,17.125,0.0,280.0,179,1
654,5,6,12.166666666666666,0.0,51.5,87,1
655,0,6,8.666666666666666,0.0,207.0,192,1
656,2,3,24.0,0.0,98.33333333333333,186,1
657,3,4,40.0,0.0,172.5,838,1
658,0,5,12.2,0.0,231.0,78,1
659,1,3,18.0,0.0,124.0,810,1
660,2,5,8.8,0.0,51.666666666666664,50,1
661,2,10,16.0,0.0,240.0,2,1
662,0,3,5.333333333333333,0.0,61.0,804,1
663,0,1,30.0,0.0,118.0,44,1
664,1,1,36.0,0.0,73.5,743,1
665,1,1,107.0,0.0,189.5,757,1
666,0,6,11.833333333333334,0.0,271.0,780,1
667,3,3,76.66666666666667,0.0,223.25,958,1
668,1,1,16.0,0.0,35.5,794,1
669,0,4,17.0,0.0,266.0,964,1
670,3,3,20.666666666666668,0.25,89.0,970,1
671,6,3,24.666666666666668,0.0,39.0,227,1
672,0,2,15.0,0.0,114.0,541,1
673,0,11,19.545454545454547,0.0,864.0,555,1
674,0,4,10.25,0.0,170.0,233,1
675,0,1,35.0,0.0,144.0,569,1
676,12,1,150.0,0.23076923076923078,65.5,582,1
677,1,7,23.857142857142858,0.0,338.5,596,1
678,4,1,47.0,0.2,44.5,580,1
679,1,1,43.0,0.0,101.5,594,1
680,1,4,40.25,0.0,344.0,1000,1
681,2,2,10.5,0.0,35.333333333333336,219,1
682,8,3,26.333333333333332,0.3333333333333333,50.166666666666664,543,1
683,1,1,27.0,0.0,53.5,225,1
684,1,6,12.833333333333334,0.0,155.5,231,1
685,0,5,11.6,0.0,248.0,557,1
686,0,6,13.666666666666666,0.0,331.0,966,1
687,2,6,16.5,0.0,140.0,972,1
688,0,8,10.25,0.0,345.0,782,1
689,0,1,39.0,0.0,168.0,796,1
690,2,6,23.833333333333332,0.0,198.0,769,1
691,11,4,35.5,0.0,47.083333333333336,741,1
692,2,1,37.0,0.0,53.333333333333336,999,1
693,1,1,21.0,0.0,42.5,755,1
694,1,3,15.0,0.0,77.0,52,1
695,2,6,31.166666666666668,0.0,249.33333333333334,812,1
696,5,5,22.8,0.16666666666666666,81.8,46,1
697,6,4,32.0,0.0,86.57142857142857,806,1
698,1,1,65.0,0.0,128.0,190,1
699,1,1,22.0,0.0,35.0,184,1
700,9,2,31.5,0.0,27.7,609,1
701,0,14,13.214285714285714,0.0,746.0,91,1
702,8,12,15.333333333333334,0.0,81.44444444444444,85,1
703,2,6,22.333333333333332,0.0,188.33333333333334,153,1
704,0,1,16.0,0.0,70.0,635,1
705,6,5,15.0,0.42857142857142855,77.25,621,1
706,7,3,105.0,0.0,137.875,147,1
707,0,2,5.0,0.0,37.0,392,1
708,2,1,41.0,0.0,53.333333333333336,386,1
709,0,3,49.0,0.0,573.0,379,1
710,0,6,14.666666666666666,0.0,326.0,437,1
711,0,3,20.666666666666668,0.0,262.0,351,1
712,0,5,14.2,0.0,281.0,345,1
713,1,18,12.777777777777779,0.0,457.5,423,1
714,1,2,36.5,0.0,148.5,344,1
715,10,1,95.0,0.0,35.09090909090909,422,1
716,0,1,25.0,0.0,101.0,436,1
717,0,1,9.0,0.0,43.0,350,1
718,3,2,38.5,0.0,73.75,378,1
719,0,2,15.5,0.0,113.0,387,1
720,1,5,22.0,0.0,227.0,393,1
721,0,2,12.0,0.0,101.0,620,1
722,0,1,81.0,0.0,315.0,146,1
723,1,1,25.0,0.0,53.5,152,1
724,0,4,20.75,0.0,390.0,634,1
725,0,5,13.4,0.0,256.0,84,1
726,5,7,8.714285714285714,0.0,43.166666666666664,90,1
727,3,7,14.285714285714286,0.0,102.75,608,1
728,3,1,20.0,0.0,25.25,185,1
729,2,9,19.77777777777778,0.0,227.0,191,1
730,1,1,153.0,0.0,371.5,807,1
731,0,1,28.0,0.0,130.0,47,1
732,2,4,17.75,0.0,90.66666666666667,1,1
733,0,1,186.0,0.0,689.0,813,1
734,1,3,14.666666666666666,0.0,90.0,53,1
735,4,7,8.857142857142858,0.4,75.66666666666667,754,1
736,3,1,47.0,0.0,51.25,998,1
737,1,1,113.0,0.0,259.0,740,1
738,0,2,29.0,0.0,295.0,768,1
739,0,7,17.571428571428573,0.0,462.0,797,1
740,9,5,19.8,0.1,46.77777777777778,783,1
741,1,10,13.5,0.0,262.0,973,1
742,0,10,13.6,0.0,565.0,967,1
743,2,3,10.666666666666666,0.0,46.0,230,1
744,0,1,88.0,0.0,377.0,556,1
745,0,1,132.0,0.0,452.0,542,1
746,5,3,35.666666666666664,0.3333333333333333,111.5,224,1
747,7,1,122.0,0.0,60.625,218,1
748,1,2,25.0,0.0,97.0,595,1
749,8,1,65.0,0.0,27.333333333333332,581,1
750,0,4,18.25,0.0,320.0,280,1
751,19,7,31.0,0.4,75.08333333333333,294,1
752,2,7,11.0,0.0,118.66666666666667,525,1
753,2,3,23.333333333333332,0.0,94.33333333333333,243,1
754,0,8,9.875,0.0,282.0,257,1
755,0,2,89.5,0.0,744.0,531,1
756,0,6,39.333333333333336,0.0,995.0,519,1
757,5,10,25.5,0.0,170.0,928,1
758,0,1,21.0,0.0,77.0,900,1
759,1,1,22.0,0.0,35.0,914,1
760,2,8,13.25,0.0,154.66666666666666,727,1
761,2,2,41.5,0.3333333333333333,160.0,733,1
762,0,4,37.25,0.0,540.0,690,1
763,0,5,16.4,0.0,283.0,848,1
764,10,13,19.846153846153847,0.0,88.81818181818181,684,1
765,0,1,47.0,0.0,180.0,34,1
766,0,1,60.0,0.0,238.0,874,1
767,0,6,15.333333333333334,0.0,373.0,20,1
768,0,1,35.0,0.0,123.0,860,1
769,4,6,26.5,0.0,136.6,135,1
770,0,3,19.666666666666668,0.0,230.0,653,1
771,0,3,16.666666666666668,0.0,208.0,647,1
772,0,1,32.0,0.0,143.0,121,1
773,20,11,50.81818181818182,0.0,106.14285714285714,109,1
774,12,5,39.0,0.0,55.07692307692308,492,1
775,23,1,182.0,0.16666666666666666,37.25,486,1
776,9,9,28.22222222222222,0.0,98.7,451,1
777,1,7,15.142857142857142,0.0,199.0,337,1
778,7,5,31.6,0.0,82.75,323,1
779,7,6,34.666666666666664,0.375,184.4,445,1
780,10,10,14.5,0.0,51.63636363636363,479,1
781,0,9,11.88888888888889,0.0,376.0,478,1
782,0,5,11.0,0.0,248.0,322,1
783,1,15,18.2,0.0,538.5,444,1
784,1,6,15.166666666666666,0.0,159.0,450,1
785,5,4,15.75,0.0,44.833333333333336,336,1
786,4,5,20.0,0.0,77.2,487,1
787,3,1,27.0,0.0,32.0,493,1
788,0,2,23.5,0.0,187.0,108,1
789,0,3,10.0,0.0,104.0,646,1
790,8,11,8.909090909090908,0.0,42.666666666666664,120,1
791,7,3,27.333333333333332,0.0,39.0,134,1
792,0,1,9.0,0.0,32.0,652,1
793,0,1,67.0,0.0,252.0,861,1
794,8,1,83.0,0.0,43.888888888888886,21,1
795,18,6,68.33333333333333,0.0,94.10526315789474,875,1
796,16,3,76.66666666666667,0.23529411764705882,63.92307692307692,35,1
797,5,3,32.333333333333336,0.3333333333333333,109.75,685,1
798,1,1,23.0,0.0,42.5,849,1
799,10,2,79.5,0.0,55.0,691,1
800,2,3,6.333333333333333,0.0,29.333333333333332,732,1
801,2,6,18.166666666666668,0.0,151.33333333333334,726,1
802,5,4,23.0,0.0,51.0,915,1
803,0,1,5.0,0.0,10.0,901,1
804,0,1,27.0,0.0,109.0,929,1
805,1,6,13.333333333333334,0.0,177.0,518,1
806,15,26,16.076923076923077,0.25,134.91666666666666,256,1
807,0,1,7.0,0.0,30.0,530,1
808,1,5,12.2,0.0,113.5,524,1
809,3,4,22.5,0.0,89.5,242,1
810,2,6,17.166666666666668,0.0,128.66666666666666,295,1
811,1,4,29.75,0.0,285.5,281,1
812,4,3,10.0,0.2,27.0,297,1
813,11,4,54.0,0.16666666666666666,89.1,283,1
814,0,2,48.5,0.0,383.0,532,1
815,1,1,47.0,0.0,107.0,254,1
816,3,8,16.625,0.0,121.0,240,1
817,4,1,44.0,0.2,43.75,526,1
818,1,7,8.714285714285714,0.0,126.5,268,1
819,1,1,21.0,0.0,39.0,917,1
820,0,1,3.0,0.0,8.0,903,1
821,4,1,71.0,0.4,96.33333333333333,730,1
822,10,3,39.666666666666664,0.09090909090909091,47.3,724,1
823,1,6,15.333333333333334,0.0,173.0,718,1
824,3,2,45.5,0.0,84.25,687,1
825,3,5,12.8,0.0,57.75,693,1
826,0,8,17.5,0.0,580.0,23,1
827,1,1,25.0,0.0,31.0,863,1
828,0,2,11.0,0.0,95.0,37,1
829,0,1,39.0,0.0,153.0,877,1
830,0,8,7.125,0.0,219.0,122,1
831,0,3,16.333333333333332,0.0,201.0,644,1
832,8,6,38.333333333333336,0.0,90.55555555555556,888,1
833,0,1,18.0,0.0,85.0,650,1
834,9,1,71.0,0.0,28.1,136,1
835,6,9,41.666666666666664,0.0,245.0,678,1
836,0,5,17.4,0.0,331.0,485,1
837,1,2,41.5,0.0,182.5,491,1
838,2,8,34.75,0.0,389.3333333333333,446,1
839,0,1,42.0,0.0,156.0,320,1
840,0,1,63.0,0.0,223.0,334,1
841,7,6,47.333333333333336,0.0,145.625,452,1
842,4,4,13.5,0.2,49.25,308,1
843,2,3,27.0,0.0,99.66666666666667,309,1
844,6,2,29.0,0.42857142857142855,62.75,335,1
845,8,2,70.0,0.0,67.44444444444444,453,1
846,1,1,91.0,0.0,181.0,447,1
847,1,8,18.875,0.0,296.5,321,1
848,0,3,45.666666666666664,0.0,574.0,490,1
849,0,1,86.0,0.0,381.0,484,1
850,0,5,15.0,0.0,315.0,679,1
851,3,4,21.75,0.25,106.66666666666667,651,1
852,0,4,17.25,0.0,276.0,889,1
853,1,4,29.5,0.0,242.0,137,1
854,0,3,14.333333333333334,0.0,186.0,123,1
855,8,15,23.066666666666666,0.0,150.77777777777777,645,1
856,2,1,28.0,0.0,37.0,876,1
857,3,3,19.666666666666668,0.0,60.75,36,1
858,0,1,58.0,0.0,231.0,862,1
859,0,2,8.5,0.0,62.0,22,1
860,1,3,30.0,0.0,179.0,692,1
861,10,1,93.0,0.0,34.54545454545455,686,1
862,9,6,24.666666666666668,0.0,59.8,719,1
863,2,27,5.925925925925926,0.0,209.33333333333334,725,1
864,0,2,17.5,0.0,164.0,731,1
865,4,2,23.5,0.0,37.6,902,1
866,0,1,5.0,0.0,16.0,916,1
867,2,3,12.666666666666666,0.0,53.666666666666664,269,1
868,0,1,92.0,0.0,440.0,241,1
869,0,2,23.0,0.0,194.0,527,1
870,2,3,49.333333333333336,0.0,191.33333333333334,533,1
871,0,2,33.5,0.0,253.0,255,1
872,1,3,29.333333333333332,0.0,213.5,282,1
873,3,7,26.714285714285715,0.0,191.75,296,1
874,3,2,12.5,0.25,38.666666666666664,292,1
875,1,9,18.77777777777778,0.0,358.0,286,1
876,0,1,135.0,0.0,544.0,279,1
877,1,1,71.0,0.0,143.5,251,1
878,4,6,25.166666666666668,0.0,124.6,537,1
879,0,1,116.0,0.0,515.0,523,1
880,0,1,25.0,0.0,80.0,245,1
881,0,1,11.0,0.0,54.0,912,1
882,0,1,27.0,0.0,90.0,906,1
883,5,3,34.0,0.16666666666666666,81.8,709,1
884,5,3,21.0,0.0,47.333333333333336,735,1
885,10,11,15.545454545454545,0.0,61.36363636363637,721,1
886,0,9,10.555555555555555,0.0,372.0,26,1
887,4,4,18.75,0.0,59.0,866,1
888,6,5,19.6,0.42857142857142855,97.5,32,1
889,1,1,36.0,0.0,87.0,872,1
890,0,1,120.0,0.0,480.0,682,1
891,1,1,34.0,0.0,71.5,696,1
892,0,1,29.0,0.0,122.0,669,1
893,2,1,16.0,0.0,21.666666666666668,899,1
894,0,1,26.0,0.0,99.0,641,1
895,0,1,26.0,0.0,122.0,127,1
896,4,4,23.0,0.0,72.0,133,1
897,0,4,13.5,0.0,208.0,655,1
898,16,20,34.2,0.0,157.88235294117646,480,1
899,1,1,15.0,0.0,27.5,494,1
900,1,6,13.666666666666666,0.0,153.5,319,1
901,2,2,22.0,0.0,53.666666666666664,325,1
902,0,2,19.0,0.0,134.0,443,1
903,1,6,13.166666666666666,0.0,165.0,457,1
904,0,1,9.0,0.0,30.0,331,1
905,4,9,11.222222222222221,0.2,100.0,456,1
906,6,9,21.11111111111111,0.0,121.14285714285714,330,1
907,4,1,41.0,0.4,55.333333333333336,324,1
908,4,6,19.333333333333332,0.0,84.2,442,1
909,0,1,19.0,0.0,106.0,318,1
910,2,1,28.0,0.0,42.666666666666664,495,1
911,0,1,218.0,0.0,923.0,481,1
912,8,3,47.666666666666664,0.0,67.11111111111111,132,1
913,0,5,9.0,0.0,175.0,654,1
914,4,2,36.0,0.2,76.75,640,1
915,0,8,12.75,0.0,417.0,898,1
916,0,4,6.25,0.0,80.0,126,1
917,1,3,9.0,0.0,56.0,668,1
918,1,7,10.285714285714286,0.0,168.0,697,1
919,5,11,14.727272727272727,0.0,102.66666666666667,683,1
920,0,2,23.0,0.0,188.0,873,1
921,0,1,69.0,0.0,277.0,33,1
922,0,1,34.0,0.0,113.0,867,1
923,0,6,6.666666666666667,0.0,191.0,27,1
924,2,4,20.75,0.0,116.33333333333333,720,1
925,6,5,26.2,0.42857142857142855,126.0,734,1
926,0,5,18.4,0.0,392.0,708,1
927,0,1,27.0,0.0,111.0,907,1
928,0,3,22.333333333333332,0.0,285.0,913,1
929,10,14,10.142857142857142,0.0,50.54545454545455,522,1
930,0,1,17.0,0.0,48.0,244,1
931,0,3,32.666666666666664,0.0,345.0,250,1
932,4,2,25.5,0.4,66.0,536,1
933,1,1,22.0,0.0,47.5,278,1
934,1,1,52.0,0.0,115.5,287,1
935,1,1,28.0,0.0,54.5,293,1
936,3,5,32.2,0.0,158.75,285,1
937,7,7,20.285714285714285,0.0,74.25,291,1
938,19,21,23.61904761904762,0.05,102.3157894736842,508,1
939,0,1,18.0,0.0,68.0,246,1
940,6,11,27.454545454545453,0.0,185.0,520,1
941,1,2,24.0,0.0,102.5,534,1
942,1,1,29.0,0.0,56.5,252,1
943,0,8,6.375,0.0,171.0,905,1
944,2,8,11.75,0.0,123.33333333333333,911,1
945,1,1,45.0,0.0,131.5,939,1
946,3,1,45.0,0.0,49.5,722,1
947,1,3,14.333333333333334,0.0,93.0,736,1
948,4,1,55.0,0.0,46.8,31,1
949,8,6,51.666666666666664,0.0,145.55555555555554,871,1
950,19,14,17.571428571428573,0.2,63.8125,25,1
951,1,3,40.666666666666664,0.0,234.0,865,1
952,1,1,23.0,0.0,58.0,695,1
953,1,2,26.0,0.0,106.5,681,1
954,11,9,35.55555555555556,0.25,147.0,19,1
955,12,4,37.5,0.07692307692307693,52.166666666666664,859,1
956,0,5,13.2,0.0,251.0,118,1
957,2,5,22.0,0.0,139.66666666666666,656,1
958,1,9,19.333333333333332,0.0,335.0,130,1
959,0,1,37.0,0.0,167.0,124,1
960,0,3,23.666666666666668,0.0,290.0,642,1
961,4,7,16.142857142857142,0.0,88.4,497,1
962,25,4,118.5,0.11538461538461539,82.65217391304348,483,1
963,0,6,20.5,0.0,492.0,468,1
964,8,10,18.0,0.0,76.77777777777777,332,1
965,1,1,50.0,0.0,114.5,454,1
966,0,2,21.0,0.0,133.0,440,1
967,2,4,17.75,0.0,88.66666666666667,326,1
968,1,19,9.631578947368421,0.0,344.0,441,1
969,0,1,35.0,0.0,136.0,327,1
970,0,3,12.333333333333334,0.0,128.0,333,1
971,4,9,23.88888888888889,0.0,184.0,455,1
972,4,2,28.5,0.4,76.33333333333333,469,1
973,0,3,10.0,0.0,119.0,482,1
974,6,1,167.0,0.0,104.28571428571429,496,1
975,1,8,17.375,0.0,311.0,125,1
976,0,1,20.0,0.0,81.0,643,1
977,1,1,31.0,0.0,69.5,657,1
978,11,4,35.0,0.0,47.833333333333336,131,1
979,2,12,20.0,0.0,335.0,119,1
980,1,7,15.142857142857142,0.0,217.5,858,1
981,3,1,265.0,0.25,394.3333333333333,18,1
982,1,1,101.0,0.0,222.5,680,1
983,1,1,19.0,0.0,46.5,694,1
984,2,5,19.6,0.0,134.0,864,1
985,2,2,46.5,0.0,126.33333333333333,24,1
986,1,3,9.666666666666666,0.0,58.0,870,1
987,5,2,21.5,0.16666666666666666,40.6,30,1
988,4,1,51.0,0.0,35.2,737,1
989,0,13,24.46153846153846,0.0,1415.0,723,1
990,5,3,37.0,0.3333333333333333,121.5,938,1
991,2,1,31.0,0.0,39.0,910,1
992,3,4,10.25,0.0,42.0,904,1
993,1,3,13.333333333333334,0.0,79.5,535,1
994,12,2,40.0,0.23076923076923078,31.8,253,1
995,0,2,11.0,0.0,86.0,247,1
996,2,1,9.0,0.3333333333333333,15.5,521,1
997,0,1,58.0,0.0,284.0,509,1
998,1,4,15.75,0.0,126.5,290,1
999,2,1,61.0,0.0,78.33333333333333,284,1
